/home/cxx/.local/lib/python3.10/site-packages/sklearn/metrics/_regression.py:1283: UndefinedMetricWarning: R^2 score is not well-defined with less than two samples.
  warnings.warn(msg, UndefinedMetricWarning)
/home/cxx/.local/lib/python3.10/site-packages/sklearn/metrics/_regression.py:1283: UndefinedMetricWarning: R^2 score is not well-defined with less than two samples.
  warnings.warn(msg, UndefinedMetricWarning)
/mnt/c/Users/PS/workspace/Entity-Aware-Machine-Learning-for-PAH-Soil-Adsorption/src/preprocessing.py:38: FutureWarning: Setting an item of incompatible dtype is deprecated and will raise in a future error of pandas. Value '[ 0.12137394  0.12137394  0.12137394 ... -2.21082838  0.89877471
  0.43233425]' has dtype incompatible with int64, please explicitly cast to a compatible dtype first.
  out.loc[:, cols] = scaler.transform(out[cols])
/mnt/c/Users/PS/workspace/Entity-Aware-Machine-Learning-for-PAH-Soil-Adsorption/src/preprocessing.py:38: FutureWarning: Setting an item of incompatible dtype is deprecated and will raise in a future error of pandas. Value '[ 0.12137394  0.89877471 -1.43342761  3.23097703  0.43233425 -0.65602683
  0.12137394  0.89877471  0.43233425  0.89877471  0.12137394  0.12137394
  0.12137394  2.45357626  0.12137394  0.89877471 -2.21082838  0.12137394
  0.12137394 -2.98822915 -2.21082838 -2.21082838  0.12137394  0.89877471
  2.45357626  0.12137394  0.43233425 -2.21082838  0.12137394 -2.98822915
 -2.21082838  0.12137394  0.12137394  0.12137394  0.12137394 -2.21082838
 -2.21082838  0.12137394  0.12137394  0.12137394  0.12137394  0.12137394
  0.27685409  0.12137394  0.12137394  0.12137394  0.89877471  0.12137394
  0.12137394  0.12137394  0.12137394 -2.21082838  0.43233425  0.12137394
  0.12137394 -2.21082838  0.12137394  0.12137394  0.43233425  0.89877471
  0.12137394  0.89877471  0.43233425  2.45357626  0.43233425  0.12137394
  0.12137394  0.12137394 -0.65602683  0.12137394  0.12137394  0.12137394
  0.12137394  0.89877471 -0.03410622 -2.21082838 -0.65602683  0.12137394
  0.12137394 -2.98822915  0.12137394 -2.21082838  0.12137394  0.12137394
  3.23097703  0.12137394  0.43233425  0.12137394  0.12137394  0.12137394
 -0.03410622 -2.21082838 -2.21082838  0.12137394  0.12137394  0.12137394
  0.12137394  0.12137394  0.89877471  0.12137394  0.12137394  0.89877471
  0.12137394  0.43233425 -0.65602683  0.89877471  0.12137394 -1.43342761
  0.12137394  0.12137394 -0.65602683  0.12137394  0.12137394  0.12137394
  0.12137394  0.12137394 -0.03410622  0.12137394  0.12137394  0.12137394
 -2.21082838  0.12137394  0.12137394 -0.65602683  0.89877471  0.12137394
  0.12137394  0.12137394  0.12137394  0.12137394 -0.03410622  0.12137394
  0.12137394  0.12137394  0.12137394  0.89877471  0.12137394  0.89877471
  0.43233425  0.12137394  0.12137394  0.12137394  0.12137394  0.12137394
  0.12137394  0.12137394  0.12137394  0.12137394  0.12137394  0.12137394
  0.12137394 -0.65602683 -2.21082838  0.12137394 -0.50054668  0.12137394
  0.12137394 -0.65602683  0.12137394  0.12137394 -2.21082838  0.12137394
  0.12137394  0.89877471  0.12137394  0.12137394 -2.21082838  0.12137394
  0.89877471  0.43233425  0.12137394 -0.65602683  0.89877471 -0.03410622
 -0.65602683  0.12137394  0.43233425  0.89877471  0.12137394  0.12137394
  0.12137394  0.12137394  0.12137394 -0.65602683  0.12137394  0.12137394
 -0.03410622  0.43233425  0.12137394  0.43233425  0.12137394  0.12137394
  1.67617549  0.5878144   0.12137394  0.12137394  0.12137394  0.12137394
  0.12137394  0.89877471  0.12137394  0.12137394 -2.21082838 -0.65602683
  0.43233425  0.12137394  0.12137394  0.89877471  0.12137394  0.12137394
  0.12137394  0.12137394 -2.21082838  0.89877471  0.12137394 -0.65602683
 -0.65602683  0.12137394 -0.03410622  0.12137394  0.12137394 -2.21082838
 -2.21082838  0.12137394  0.12137394  0.12137394  0.89877471 -0.65602683
  0.89877471  0.43233425  0.12137394  0.43233425  0.89877471  2.45357626
  0.89877471  0.89877471  0.43233425  0.12137394 -2.21082838 -2.21082838
  0.12137394  0.12137394  3.23097703  0.89877471  0.89877471  0.5878144
  0.12137394  0.12137394 -2.21082838  0.12137394  0.12137394 -0.65602683
  0.43233425  0.12137394  0.12137394  0.89877471  0.89877471  0.89877471
 -0.65602683 -2.21082838  0.12137394  0.12137394  0.89877471  0.12137394
  0.12137394 -0.65602683 -2.21082838  3.23097703  0.12137394  0.12137394
  0.12137394  0.12137394  0.12137394  0.12137394  0.12137394 -0.65602683
  0.12137394  0.12137394 -1.43342761  3.23097703  0.12137394  0.12137394]' has dtype incompatible with int64, please explicitly cast to a compatible dtype first.
  out.loc[:, cols] = scaler.transform(out[cols])
/mnt/c/Users/PS/workspace/Entity-Aware-Machine-Learning-for-PAH-Soil-Adsorption/src/preprocessing.py:38: FutureWarning: Setting an item of incompatible dtype is deprecated and will raise in a future error of pandas. Value '[0.89519697 0.11320179 0.11320179 ... 3.24118252 0.11320179 0.11320179]' has dtype incompatible with int64, please explicitly cast to a compatible dtype first.
  out.loc[:, cols] = scaler.transform(out[cols])
/mnt/c/Users/PS/workspace/Entity-Aware-Machine-Learning-for-PAH-Soil-Adsorption/src/preprocessing.py:38: FutureWarning: Setting an item of incompatible dtype is deprecated and will raise in a future error of pandas. Value '[ 0.11320179  0.11320179 -0.04319725  0.11320179  0.11320179  0.89519697
 -0.66879339 -0.04319725  0.11320179  0.42599986  0.11320179  0.11320179
  0.11320179 -2.23278376  0.11320179  0.11320179  1.67719216  0.11320179
 -0.04319725 -2.23278376 -0.66879339  0.89519697 -0.51239436  0.89519697
  0.11320179  2.45918734 -2.23278376  0.11320179  0.11320179  0.89519697
  0.11320179  0.11320179  0.11320179  0.11320179  0.11320179 -1.45078858
  0.11320179  0.11320179  0.42599986 -2.23278376  0.11320179  0.89519697
  0.11320179  0.11320179  0.42599986  0.11320179 -2.23278376  0.89519697
 -0.66879339 -0.66879339 -0.04319725  0.11320179  0.11320179 -1.45078858
  0.11320179 -0.04319725  0.42599986  0.11320179  0.11320179  0.11320179
  3.24118252  0.11320179  0.11320179 -0.04319725  0.11320179  0.11320179
 -2.23278376  0.11320179  0.11320179  0.89519697  0.11320179  0.11320179
  0.89519697  0.89519697  0.11320179  0.11320179 -0.66879339  0.11320179
  0.11320179  0.11320179  0.11320179  3.24118252 -2.23278376  0.11320179
  0.11320179  0.11320179  0.11320179  0.11320179  0.11320179  0.11320179
  0.11320179  0.89519697 -2.23278376  0.11320179  0.11320179  0.11320179
  0.11320179  3.24118252 -2.23278376  0.11320179  0.11320179  0.11320179
  0.42599986  0.89519697 -2.23278376 -0.04319725  0.89519697 -2.23278376
 -0.04319725  0.5823989   0.89519697 -2.23278376 -2.23278376  0.11320179
 -2.23278376  0.11320179  0.11320179  0.11320179  0.11320179  0.11320179
  0.11320179 -0.66879339  0.89519697  0.11320179  0.42599986 -2.23278376
  0.11320179  0.11320179  0.11320179  0.11320179  0.11320179 -2.23278376
 -0.66879339  0.11320179  0.11320179  0.11320179  0.89519697  0.11320179
  0.11320179  0.11320179 -2.23278376 -0.66879339 -1.45078858  2.45918734
  2.45918734  0.11320179  0.11320179 -2.23278376 -2.23278376  0.11320179
  0.11320179  0.11320179  0.89519697  0.11320179  0.11320179  0.11320179
 -2.23278376  0.11320179  3.24118252  0.11320179  0.11320179  0.11320179
  0.11320179 -0.66879339 -0.66879339 -0.66879339  0.89519697  0.42599986
  0.42599986  0.89519697  0.11320179  0.11320179  0.11320179  0.11320179
  3.24118252  0.42599986  0.11320179 -0.66879339 -2.23278376  0.89519697
 -2.23278376  0.11320179  0.11320179  0.11320179  0.89519697  0.11320179
 -2.23278376  0.11320179  0.89519697  0.11320179  0.11320179  0.11320179
  0.42599986  0.11320179  0.11320179  0.11320179  0.89519697  0.11320179
  0.11320179  0.11320179  0.11320179 -0.66879339 -2.23278376  1.67719216
  0.11320179 -0.66879339 -0.66879339  0.11320179  0.11320179 -2.23278376
  0.11320179  0.89519697 -0.04319725 -0.66879339  0.11320179 -0.51239436
 -1.45078858 -1.45078858  0.11320179  0.42599986  0.11320179  0.11320179
  0.11320179  0.11320179  0.11320179  0.11320179  0.11320179  3.24118252
  0.11320179  0.11320179  0.11320179  0.11320179  0.11320179 -2.23278376
  0.11320179  0.11320179  0.11320179  0.89519697  0.11320179  0.11320179
  0.11320179  0.11320179 -1.45078858  0.42599986  0.89519697 -0.66879339
  0.11320179 -2.23278376  0.89519697  0.89519697  0.11320179  0.11320179
 -2.23278376  2.45918734  0.11320179 -0.66879339 -0.51239436  0.11320179
  0.11320179 -0.66879339  0.89519697  0.11320179 -0.51239436  0.11320179
  0.11320179  0.11320179  0.11320179  0.11320179  0.11320179 -2.23278376
  0.11320179  0.89519697  0.42599986  0.11320179  0.11320179 -2.23278376
  0.11320179  0.11320179  0.11320179  0.26960083  0.11320179 -2.23278376]' has dtype incompatible with int64, please explicitly cast to a compatible dtype first.
  out.loc[:, cols] = scaler.transform(out[cols])
/mnt/c/Users/PS/workspace/Entity-Aware-Machine-Learning-for-PAH-Soil-Adsorption/src/preprocessing.py:38: FutureWarning: Setting an item of incompatible dtype is deprecated and will raise in a future error of pandas. Value '[-2.25222873  0.12498307  0.12498307 ... -0.66742086  0.12498307
  0.12498307]' has dtype incompatible with int64, please explicitly cast to a compatible dtype first.
  out.loc[:, cols] = scaler.transform(out[cols])
/mnt/c/Users/PS/workspace/Entity-Aware-Machine-Learning-for-PAH-Soil-Adsorption/src/preprocessing.py:38: FutureWarning: Setting an item of incompatible dtype is deprecated and will raise in a future error of pandas. Value '[ 0.12498307  0.12498307  0.917387    0.12498307  0.917387    0.12498307
  3.2945988  -1.45982479  0.12498307  3.2945988   0.12498307  0.12498307
 -1.45982479  0.12498307  0.12498307  0.12498307  0.12498307  0.44194464
  0.44194464  0.12498307  0.12498307 -3.04463266  0.12498307  0.917387
  0.12498307  0.917387   -2.25222873  0.12498307 -2.25222873 -2.25222873
  0.12498307  0.12498307 -1.45982479  0.60042543  0.12498307  0.12498307
 -2.25222873 -0.03349772  2.50219487 -2.25222873  0.12498307  0.12498307
  3.2945988   0.12498307  0.12498307  0.12498307  0.12498307  0.12498307
 -2.25222873 -0.03349772  0.12498307  0.12498307  0.917387   -0.50894008
  0.12498307  0.12498307  0.12498307  0.12498307  0.12498307  0.12498307
  0.12498307  0.12498307  0.12498307  0.12498307  0.12498307  3.2945988
  2.50219487  2.50219487  0.12498307  0.12498307  0.12498307  0.44194464
  0.12498307  0.12498307  0.12498307  0.75890622  0.12498307  0.44194464
  3.2945988  -0.66742086  0.12498307  0.12498307  0.917387    0.917387
 -0.66742086  3.2945988   2.50219487  0.12498307  0.44194464  0.917387
  0.12498307 -2.25222873  0.12498307  0.12498307  0.12498307 -0.03349772
  0.12498307  0.12498307 -2.25222873  0.12498307  0.12498307 -2.25222873
  0.12498307 -0.66742086  0.12498307  0.917387    0.12498307  0.12498307
  2.50219487  0.12498307  0.12498307 -0.66742086  0.12498307  0.12498307
 -0.66742086 -2.25222873  2.50219487  0.12498307 -0.50894008 -1.45982479
  0.12498307  0.12498307  0.12498307  0.12498307  0.12498307  0.12498307
  0.12498307  1.70979094  0.12498307 -2.25222873  0.44194464  0.44194464
 -0.03349772 -2.25222873 -2.25222873  0.12498307 -2.25222873  0.12498307
 -0.66742086  0.12498307  0.12498307  0.917387    0.917387    0.12498307
  0.12498307  0.917387    0.917387   -2.25222873  0.917387    0.12498307
  0.12498307  0.12498307  0.12498307  0.12498307  0.12498307  0.12498307
 -0.03349772 -2.25222873 -2.25222873 -2.25222873  0.44194464 -0.66742086
  0.12498307  0.917387    0.12498307 -2.25222873  0.917387    0.12498307
  0.12498307  0.12498307  0.12498307 -0.50894008  0.12498307  0.12498307
  0.12498307  0.12498307  0.12498307  0.12498307  0.12498307 -0.03349772
  0.12498307 -0.03349772  0.44194464  0.12498307  0.917387   -2.25222873
 -2.25222873  0.12498307  0.12498307 -2.25222873  0.12498307  0.917387
  0.12498307  0.12498307 -0.66742086  0.12498307  0.12498307 -2.25222873
  0.12498307 -0.66742086 -2.25222873  0.12498307  0.12498307  0.12498307
  0.28346386  0.12498307  0.12498307  0.12498307 -0.03349772  0.12498307
  0.44194464  0.917387    0.12498307  0.12498307 -2.25222873  0.917387
 -0.66742086  0.12498307 -2.25222873  0.12498307 -2.25222873  0.12498307
  0.917387    0.12498307  0.12498307  0.12498307  0.917387   -0.03349772
  0.917387   -0.50894008 -0.03349772  0.917387    0.917387    0.12498307
  0.12498307 -0.03349772  0.12498307  0.917387    0.12498307  0.12498307
  0.12498307  0.12498307  0.44194464  0.12498307  0.12498307  0.12498307
  0.12498307 -2.25222873  0.917387    0.12498307  0.12498307 -2.25222873
  0.12498307  0.12498307  0.44194464  0.12498307 -2.25222873  0.12498307
 -0.66742086  0.917387    0.12498307 -0.03349772  0.12498307  0.12498307
  0.12498307  0.12498307  3.2945988   0.917387    0.12498307  0.12498307
 -0.03349772  0.12498307 -2.25222873 -2.25222873  0.917387    0.12498307
  0.917387   -0.66742086  0.12498307  0.12498307  0.917387    0.12498307]' has dtype incompatible with int64, please explicitly cast to a compatible dtype first.
  out.loc[:, cols] = scaler.transform(out[cols])
/mnt/c/Users/PS/workspace/Entity-Aware-Machine-Learning-for-PAH-Soil-Adsorption/src/preprocessing.py:38: FutureWarning: Setting an item of incompatible dtype is deprecated and will raise in a future error of pandas. Value '[ 0.11005034  0.90438804  0.11005034 ... -1.47862506 -0.0488172
 -0.0488172 ]' has dtype incompatible with int64, please explicitly cast to a compatible dtype first.
  out.loc[:, cols] = scaler.transform(out[cols])
/mnt/c/Users/PS/workspace/Entity-Aware-Machine-Learning-for-PAH-Soil-Adsorption/src/preprocessing.py:38: FutureWarning: Setting an item of incompatible dtype is deprecated and will raise in a future error of pandas. Value '[ 0.11005034  0.11005034  0.90438804  0.11005034 -2.27296276 -0.68428736
  0.90438804  0.11005034 -2.27296276  0.11005034  0.11005034 -2.27296276
  0.11005034 -2.27296276  0.90438804 -2.27296276  0.42778542 -2.27296276
 -2.27296276 -0.68428736  0.11005034  0.11005034  0.11005034  0.90438804
  0.11005034  0.90438804 -0.52541982 -0.0488172   0.11005034  0.11005034
  0.90438804  0.11005034  0.11005034  0.11005034  0.90438804  0.11005034
  0.11005034 -0.52541982  0.11005034  0.11005034  0.11005034  0.11005034
  0.90438804 -0.52541982 -0.0488172  -2.27296276  0.11005034  0.11005034
  0.11005034  0.90438804  0.90438804 -2.27296276  3.28740113  0.11005034
  0.11005034  0.11005034  0.42778542  0.11005034 -2.27296276  0.11005034
  0.11005034 -2.27296276  0.11005034  0.90438804  0.11005034  0.11005034
  0.11005034  0.11005034 -0.52541982  0.11005034  0.90438804  0.11005034
 -2.27296276  0.11005034  0.11005034  0.11005034  0.58665296  0.90438804
 -0.52541982 -2.27296276 -0.0488172  -2.27296276  0.11005034  0.11005034
  0.11005034  0.11005034 -2.27296276  0.11005034  0.11005034  0.11005034
  0.90438804  0.11005034  0.11005034  3.28740113  0.11005034  0.11005034
  0.11005034  0.42778542 -0.0488172  -0.0488172   0.11005034  0.11005034
  0.42778542 -2.27296276  0.11005034  0.11005034  0.11005034  0.11005034
  2.49306343 -0.68428736  0.58665296  0.11005034 -2.27296276  0.42778542
  0.11005034  0.11005034  2.49306343  0.11005034  0.11005034  0.90438804
  0.90438804  0.11005034 -2.27296276  0.42778542  0.11005034  0.11005034
  0.90438804  0.11005034  0.90438804  0.11005034  0.42778542  0.42778542
  0.11005034  0.11005034  0.11005034  0.11005034  0.11005034  0.42778542
  0.11005034  0.11005034 -0.68428736  0.90438804  0.11005034 -2.27296276
 -0.0488172   0.11005034  0.11005034  3.28740113  3.28740113  0.11005034
  0.11005034 -2.27296276  0.90438804  0.7455205  -2.27296276  0.11005034
  0.11005034 -2.27296276  0.11005034  0.11005034 -2.27296276 -1.47862506
  0.90438804  0.11005034  0.11005034  0.11005034 -0.0488172  -2.27296276
  0.90438804  0.11005034  0.11005034 -0.68428736 -0.68428736 -1.47862506
 -0.0488172   0.11005034 -1.47862506  0.11005034  0.11005034 -2.27296276
 -0.68428736  0.11005034  0.11005034  0.11005034 -0.68428736  0.11005034
 -1.47862506 -0.52541982  0.11005034  3.28740113 -2.27296276  0.11005034
  0.90438804 -2.27296276  0.11005034  0.11005034  0.11005034  0.11005034
  0.11005034  0.11005034  0.11005034  0.11005034  0.90438804  0.11005034
 -0.68428736  0.11005034  3.28740113 -0.0488172  -2.27296276 -0.68428736
 -2.27296276  0.11005034  0.11005034 -0.68428736  0.11005034  0.90438804
 -0.52541982  0.11005034  0.11005034  0.90438804 -2.27296276  0.90438804
  0.11005034  0.11005034  0.11005034  0.11005034  1.69872574 -0.0488172
  0.11005034  3.28740113  1.69872574  0.11005034 -0.68428736  0.11005034
  0.11005034  0.11005034  0.11005034  0.90438804  0.11005034  0.11005034
  0.42778542  0.11005034  0.11005034  0.42778542  0.90438804  0.11005034
  0.11005034 -0.68428736 -2.27296276 -3.06730046  0.11005034  0.11005034
 -2.27296276 -0.68428736  0.11005034  0.11005034  0.11005034 -0.52541982
  0.11005034  0.11005034  0.42778542  0.11005034  0.90438804 -2.27296276
  0.11005034  0.11005034  0.11005034  0.11005034  0.11005034  0.11005034
  0.58665296  0.11005034  0.11005034  0.11005034  0.11005034 -0.68428736
  0.11005034  3.28740113 -2.27296276  0.11005034  0.11005034 -2.27296276]' has dtype incompatible with int64, please explicitly cast to a compatible dtype first.
  out.loc[:, cols] = scaler.transform(out[cols])
/mnt/c/Users/PS/workspace/Entity-Aware-Machine-Learning-for-PAH-Soil-Adsorption/src/preprocessing.py:38: FutureWarning: Setting an item of incompatible dtype is deprecated and will raise in a future error of pandas. Value '[ 0.1211032   2.39886834  0.1211032  ...  0.88035825 -2.15666193
  0.1211032 ]' has dtype incompatible with int64, please explicitly cast to a compatible dtype first.
  out.loc[:, cols] = scaler.transform(out[cols])
/mnt/c/Users/PS/workspace/Entity-Aware-Machine-Learning-for-PAH-Soil-Adsorption/src/preprocessing.py:38: FutureWarning: Setting an item of incompatible dtype is deprecated and will raise in a future error of pandas. Value '[ 0.42480522  0.42480522  0.1211032  -2.15666193  0.1211032   0.88035825
  0.1211032   0.1211032   0.1211032  -0.03074781  0.1211032   0.1211032
  0.1211032   0.1211032   0.1211032   0.1211032  -2.15666193  0.1211032
  0.1211032   0.1211032   0.1211032   3.15812338  0.1211032  -2.15666193
  0.1211032   0.1211032  -0.48630083  0.1211032  -2.15666193  3.15812338
 -0.63815184  0.1211032   0.1211032  -2.15666193 -0.03074781  0.1211032
  0.1211032   0.88035825  0.1211032   0.1211032   0.1211032   0.1211032
  0.1211032  -2.15666193  0.1211032   0.1211032   0.1211032   0.1211032
 -2.15666193 -2.15666193  2.39886834  0.1211032   0.1211032   0.1211032
  0.1211032   0.1211032   0.1211032   0.1211032  -2.15666193  0.1211032
  0.1211032   0.42480522  0.1211032   0.1211032   0.1211032   0.1211032
 -2.15666193  0.1211032   1.63961329  0.1211032   0.1211032   0.1211032
  0.42480522  0.42480522  0.42480522  0.1211032  -0.63815184  0.1211032
  0.1211032   0.1211032   0.1211032   0.88035825  0.1211032   0.1211032
  0.1211032  -0.03074781 -0.63815184  0.1211032   0.42480522  0.42480522
  0.1211032   0.1211032  -0.48630083  0.1211032   0.88035825  0.1211032
 -0.03074781 -2.91591698  0.1211032   0.1211032   0.88035825  0.42480522
  0.1211032  -2.15666193  0.1211032  -2.15666193  0.1211032   0.1211032
  0.88035825  0.1211032   0.1211032   0.1211032   0.1211032  -0.63815184
  0.88035825 -0.03074781  0.1211032  -2.15666193  0.88035825  0.1211032
  0.1211032  -0.03074781  0.1211032   0.1211032  -0.63815184  0.1211032
  0.1211032   0.42480522  0.1211032   0.1211032   0.1211032   0.1211032
  0.1211032  -2.15666193 -1.39740689 -2.15666193  0.42480522  0.1211032
  0.1211032   0.1211032  -2.15666193  0.88035825  0.1211032   0.1211032
  0.1211032   0.1211032   0.1211032   0.1211032   0.1211032   0.1211032
  0.1211032   0.1211032   0.88035825 -0.03074781  0.1211032   3.15812338
  0.1211032  -2.15666193  0.1211032   2.39886834  0.42480522  0.1211032
  0.88035825  0.1211032   0.1211032   0.1211032   0.42480522  0.1211032
  0.1211032   0.88035825 -0.63815184  0.1211032   0.1211032   0.1211032
  0.1211032  -0.63815184  0.1211032  -0.63815184  0.1211032   0.1211032
  3.15812338 -0.63815184  0.1211032   0.1211032   0.88035825 -0.63815184
  0.1211032   0.1211032   0.88035825  0.1211032   0.1211032  -0.63815184
  0.1211032   0.1211032   0.1211032  -2.15666193 -2.15666193  0.1211032
  0.1211032   0.1211032   0.1211032   0.1211032   0.1211032   0.1211032
  0.1211032   0.1211032   0.42480522  0.1211032   0.1211032   0.1211032
  0.1211032   0.88035825  0.1211032  -0.48630083  0.88035825  0.1211032
  0.1211032   0.88035825  0.1211032   0.1211032   0.1211032  -0.48630083
  0.42480522  0.1211032   0.42480522  0.1211032   0.57665623  0.1211032
  0.88035825  0.42480522  0.1211032   0.1211032   0.1211032   0.1211032
 -0.48630083  0.1211032   0.42480522  0.1211032  -1.39740689  0.88035825
  0.1211032   0.1211032  -0.03074781  0.1211032  -0.63815184  0.1211032
  0.88035825  0.1211032   0.1211032  -0.03074781  0.1211032   0.1211032
  0.57665623  0.1211032   0.1211032  -1.39740689  0.42480522  0.1211032
  0.1211032   0.1211032   0.1211032   0.1211032  -2.15666193 -0.63815184
  1.63961329  0.88035825  0.1211032   0.88035825 -2.15666193  0.1211032
 -0.63815184 -0.63815184  0.1211032  -0.63815184  0.1211032   0.88035825
  0.1211032   3.15812338 -2.15666193 -0.03074781 -0.63815184 -0.03074781]' has dtype incompatible with int64, please explicitly cast to a compatible dtype first.
  out.loc[:, cols] = scaler.transform(out[cols])
/mnt/c/Users/PS/workspace/Entity-Aware-Machine-Learning-for-PAH-Soil-Adsorption/src/preprocessing.py:38: FutureWarning: Setting an item of incompatible dtype is deprecated and will raise in a future error of pandas. Value '[ 0.11982921  0.42648305  0.88646381 ... -2.1800746   0.11982921
 -1.41344   ]' has dtype incompatible with int64, please explicitly cast to a compatible dtype first.
  out.loc[:, cols] = scaler.transform(out[cols])
/mnt/c/Users/PS/workspace/Entity-Aware-Machine-Learning-for-PAH-Soil-Adsorption/src/preprocessing.py:38: FutureWarning: Setting an item of incompatible dtype is deprecated and will raise in a future error of pandas. Value '[ 0.11982921  0.11982921  0.11982921  0.88646381  0.11982921 -0.03349771
  0.11982921  0.11982921  0.11982921  0.11982921  0.11982921  0.11982921
  0.73313689  0.11982921  0.88646381 -0.64680539  0.11982921 -1.41344
  0.88646381 -0.64680539  0.11982921  0.11982921  0.11982921  0.42648305
  0.11982921 -2.1800746   0.42648305 -0.03349771  0.88646381  0.11982921
  0.11982921  0.11982921  3.18636762  0.11982921  0.11982921 -0.64680539
  0.11982921  0.88646381  0.11982921 -0.03349771  0.11982921  0.88646381
 -0.03349771  0.11982921  0.11982921  0.11982921  0.42648305  0.88646381
  0.11982921  0.11982921  0.11982921  0.11982921 -1.41344     0.11982921
 -2.1800746   0.11982921 -0.03349771  0.11982921  0.11982921 -0.03349771
 -0.03349771  0.11982921  0.88646381  0.11982921  0.11982921  0.11982921
  0.11982921 -0.64680539  0.11982921  0.42648305 -2.1800746   0.42648305
  0.11982921  0.11982921 -2.9467092   0.88646381  0.11982921  0.88646381
 -2.1800746   0.11982921  0.11982921  0.11982921  0.88646381  0.11982921
  2.41973302  0.11982921  0.11982921 -2.1800746   0.11982921  3.18636762
  0.11982921  0.11982921  0.11982921  0.11982921 -0.49347847  0.11982921
  0.11982921 -2.1800746   0.11982921  0.11982921  0.11982921  0.11982921
 -2.9467092   0.11982921 -0.49347847  0.11982921  0.11982921  0.11982921
  0.11982921  0.11982921  0.11982921  0.11982921  0.11982921 -2.1800746
  0.11982921 -0.64680539  0.11982921  0.11982921  0.11982921  0.11982921
  0.11982921  0.11982921  0.11982921  0.11982921  0.11982921  0.11982921
  0.11982921  0.11982921  0.11982921  0.11982921  0.11982921  0.11982921
 -2.1800746  -0.64680539  0.11982921  0.11982921  0.11982921  0.88646381
  0.11982921  0.11982921  0.11982921  0.88646381  0.11982921  0.11982921
  0.11982921  0.11982921  0.88646381 -0.64680539  0.11982921  0.11982921
  0.88646381  2.41973302 -0.03349771  0.11982921  0.11982921 -2.1800746
 -0.03349771 -0.03349771  0.11982921  0.11982921 -0.03349771 -2.1800746
  0.11982921  0.11982921  0.11982921 -0.49347847  0.11982921  0.11982921
 -0.49347847  0.11982921  0.11982921  0.11982921  0.11982921 -0.64680539
  0.11982921  0.11982921  0.11982921 -0.49347847  0.11982921 -0.03349771
  0.11982921 -2.1800746   0.42648305  0.11982921  0.11982921  0.11982921
  0.11982921  0.88646381  0.11982921 -2.1800746   0.11982921  0.11982921
  0.11982921  0.11982921  0.11982921  3.18636762  0.88646381  0.11982921
  0.11982921 -0.03349771  0.11982921  0.11982921  0.11982921  3.18636762
  0.42648305  0.11982921  0.11982921  0.11982921  0.11982921  0.11982921
  0.11982921 -1.41344    -0.49347847  0.11982921  0.11982921  0.11982921
  0.11982921  0.11982921 -2.1800746   0.11982921  0.11982921  0.11982921
 -0.64680539 -0.64680539  0.88646381 -0.03349771 -2.1800746   0.11982921
  0.11982921  0.88646381  0.88646381  0.11982921  0.11982921  0.11982921
  0.11982921 -0.64680539 -2.1800746   0.11982921  0.88646381 -2.9467092
 -2.1800746   0.11982921  0.11982921 -2.1800746  -2.1800746   0.11982921
 -2.1800746   0.11982921  0.11982921  0.42648305  0.11982921  0.11982921
  1.65309841  0.11982921  0.11982921  0.11982921  0.11982921  0.11982921
  2.41973302 -2.1800746   3.18636762  0.11982921  0.11982921  0.88646381
  0.11982921  0.11982921  0.11982921  0.42648305  0.11982921 -2.1800746
  0.11982921  0.11982921  0.11982921  0.11982921  0.42648305  0.11982921
  0.42648305  0.42648305 -2.1800746   0.11982921  2.41973302  0.11982921]' has dtype incompatible with int64, please explicitly cast to a compatible dtype first.
  out.loc[:, cols] = scaler.transform(out[cols])
/mnt/c/Users/PS/workspace/Entity-Aware-Machine-Learning-for-PAH-Soil-Adsorption/src/preprocessing.py:38: FutureWarning: Setting an item of incompatible dtype is deprecated and will raise in a future error of pandas. Value '[ 0.11213982  0.11213982  0.11213982 ...  0.11213982  0.11213982
 -0.6625193 ]' has dtype incompatible with int64, please explicitly cast to a compatible dtype first.
  out.loc[:, cols] = scaler.transform(out[cols])
/mnt/c/Users/PS/workspace/Entity-Aware-Machine-Learning-for-PAH-Soil-Adsorption/src/preprocessing.py:38: FutureWarning: Setting an item of incompatible dtype is deprecated and will raise in a future error of pandas. Value '[-2.21183755  0.11213982 -0.6625193   0.11213982 -2.21183755  0.11213982
 -2.21183755  0.11213982  0.11213982  0.11213982 -0.042792    0.11213982
  0.88679894 -2.21183755  0.88679894  0.11213982  0.88679894  0.26707164
  0.88679894  0.42200347 -2.21183755 -0.6625193   0.11213982  0.88679894
  0.11213982 -0.042792    0.11213982  0.42200347  0.88679894  0.11213982
  0.11213982 -0.6625193   0.11213982  0.11213982  0.11213982  2.43611719
  0.11213982  0.11213982  0.88679894  0.11213982  0.11213982 -2.21183755
 -2.21183755  0.11213982  0.11213982 -0.6625193   0.11213982  0.11213982
  0.11213982  0.11213982  0.11213982  2.43611719 -2.21183755  0.11213982
  0.11213982  3.21077631 -0.6625193   0.11213982  0.11213982 -0.042792
  0.11213982 -0.50758748 -2.21183755  0.11213982  0.11213982  0.88679894
  0.11213982  0.11213982  0.11213982  0.11213982  0.11213982  0.42200347
 -2.21183755  1.04173077  0.11213982  0.11213982  0.11213982  0.11213982
  0.88679894  0.11213982  0.11213982  3.21077631  0.11213982  0.11213982
  2.43611719  0.11213982  0.88679894 -2.21183755  0.11213982 -2.21183755
  0.11213982  0.11213982  0.57693529  0.11213982  0.11213982 -2.21183755
  0.11213982  0.11213982 -1.43717842  0.11213982  0.42200347  0.11213982
  0.11213982  0.11213982  0.88679894 -2.21183755  0.11213982 -2.21183755
  0.11213982  0.88679894 -0.6625193   0.11213982  0.11213982  0.11213982
  0.11213982  0.11213982 -2.21183755  0.11213982  0.42200347  0.11213982
  0.11213982  0.88679894 -0.6625193   0.88679894  0.11213982  0.11213982
  0.11213982 -1.43717842  0.11213982 -0.6625193   0.11213982 -2.21183755
  1.66145806  0.11213982  1.66145806  0.11213982  0.11213982  0.11213982
  0.42200347  0.11213982  0.11213982  0.11213982  0.11213982 -0.50758748
  0.11213982  0.11213982  0.11213982  0.11213982 -0.042792    0.42200347
  0.11213982  0.11213982  0.11213982 -2.21183755  2.43611719  0.42200347
  0.11213982  0.42200347  0.11213982  0.11213982  0.11213982 -0.042792
  0.11213982  0.11213982  0.11213982 -0.6625193   0.11213982 -0.042792
 -0.6625193  -2.21183755  0.42200347 -0.50758748  0.11213982  0.11213982
  0.11213982  0.88679894  3.21077631 -2.21183755 -0.6625193  -0.6625193
  0.11213982  0.11213982  0.88679894  0.11213982  0.42200347 -2.21183755
  0.11213982  0.11213982  0.11213982 -0.6625193   0.11213982  0.42200347
  0.11213982 -0.6625193  -0.50758748  0.11213982 -1.43717842  0.11213982
  0.42200347  0.11213982  0.11213982  0.88679894  0.11213982 -0.042792
  0.11213982  0.11213982  0.88679894  0.11213982 -2.21183755  0.11213982
 -2.21183755  0.11213982 -1.43717842 -2.21183755  0.11213982  0.11213982
  0.11213982  0.88679894  0.88679894  0.11213982  0.11213982  0.11213982
  0.42200347  0.11213982  0.11213982 -0.6625193   0.88679894  0.11213982
  2.43611719 -0.042792    0.11213982 -0.042792    0.11213982  0.11213982
  0.11213982 -1.43717842 -0.50758748  0.11213982  0.11213982 -1.43717842
  0.11213982  0.11213982  0.57693529  0.11213982  0.11213982 -0.042792
  0.11213982 -0.6625193  -2.21183755  0.88679894  0.11213982  0.11213982
  0.11213982  0.88679894 -2.21183755  0.11213982 -0.6625193   0.88679894
  0.11213982  0.11213982  0.88679894  0.11213982  0.11213982  0.11213982
 -2.21183755  3.21077631  0.11213982  0.11213982  0.11213982 -2.21183755
  0.11213982  0.11213982  0.88679894  0.11213982  0.42200347  0.11213982
  0.11213982 -0.6625193   0.11213982 -2.98649667  0.42200347  0.11213982]' has dtype incompatible with int64, please explicitly cast to a compatible dtype first.
  out.loc[:, cols] = scaler.transform(out[cols])
/mnt/c/Users/PS/workspace/Entity-Aware-Machine-Learning-for-PAH-Soil-Adsorption/src/preprocessing.py:38: FutureWarning: Setting an item of incompatible dtype is deprecated and will raise in a future error of pandas. Value '[ 0.90098886  0.13819679  0.13819679 ...  0.13819679 -0.01436163
 -0.01436163]' has dtype incompatible with int64, please explicitly cast to a compatible dtype first.
  out.loc[:, cols] = scaler.transform(out[cols])
/mnt/c/Users/PS/workspace/Entity-Aware-Machine-Learning-for-PAH-Soil-Adsorption/src/preprocessing.py:38: FutureWarning: Setting an item of incompatible dtype is deprecated and will raise in a future error of pandas. Value '[ 0.13819679  0.13819679  0.13819679 -0.62459529  0.13819679  0.13819679
  0.13819679  0.13819679  0.13819679  0.13819679  0.13819679  0.13819679
  0.13819679  0.13819679 -0.01436163  0.13819679  0.13819679  0.59587203
  0.13819679  0.13819679  0.13819679  0.13819679  0.13819679  0.44331362
 -0.62459529  0.13819679  0.13819679  0.13819679  0.90098886  0.13819679
 -2.15017944  0.13819679 -0.62459529  0.90098886  0.90098886 -1.38738736
 -0.62459529  0.13819679  0.90098886 -2.15017944  0.13819679  0.44331362
  0.90098886  0.13819679  0.13819679 -0.01436163  0.13819679  0.13819679
  0.13819679 -2.15017944  0.13819679  0.13819679 -2.15017944  0.13819679
  0.13819679 -0.62459529  0.59587203  0.13819679  0.13819679  0.13819679
  0.13819679 -0.01436163  0.44331362  0.90098886  0.90098886  0.13819679
  0.13819679  2.42657301 -2.15017944  0.13819679  0.13819679 -0.62459529
  0.90098886  0.44331362  0.13819679  3.18936509  0.13819679 -2.15017944
  0.13819679  0.13819679  0.13819679  0.13819679  0.13819679 -0.47203687
  0.13819679 -0.62459529  0.13819679  0.13819679 -0.62459529  0.13819679
  0.13819679  0.90098886 -0.62459529 -0.01436163  0.13819679  0.13819679
 -0.62459529  0.13819679  0.13819679  0.90098886  0.13819679  0.13819679
  0.13819679 -0.47203687  0.13819679  0.13819679  0.44331362  0.90098886
  0.13819679  0.13819679  0.13819679  0.90098886 -0.01436163  0.13819679
  0.13819679  0.13819679  0.13819679  0.44331362  0.13819679 -2.91297151
  0.13819679  0.13819679  0.13819679  0.90098886  0.13819679  0.44331362
  0.13819679  0.13819679  0.13819679 -1.38738736  0.90098886  0.13819679
  0.13819679 -2.15017944  0.13819679 -0.47203687  0.13819679 -0.62459529
 -0.62459529  0.13819679  3.18936509 -2.15017944  0.90098886 -0.01436163
  0.13819679  0.13819679  0.90098886  0.13819679  0.13819679  0.13819679
  0.44331362  0.13819679  0.90098886  0.44331362  0.44331362  0.13819679
  0.13819679  0.13819679  0.13819679 -2.15017944 -0.62459529  0.13819679
  0.13819679  0.13819679  0.13819679  0.13819679  0.13819679 -2.15017944
  0.90098886 -2.15017944  0.44331362  0.90098886 -2.15017944  3.18936509
 -0.62459529  0.13819679  0.13819679  0.13819679  0.13819679  3.18936509
  0.13819679  0.90098886 -0.47203687  0.13819679  0.13819679  0.13819679
  0.13819679 -0.62459529 -0.62459529  0.13819679  0.13819679  2.42657301
  0.13819679  0.13819679  0.13819679  0.13819679  0.13819679  0.13819679
  0.44331362  0.13819679  3.18936509  0.13819679  0.13819679  0.44331362
 -2.15017944  0.13819679 -0.01436163 -2.15017944  0.13819679  0.13819679
  0.13819679 -2.15017944  0.13819679  0.90098886 -0.01436163 -2.15017944
  3.18936509 -0.62459529  0.13819679  0.13819679  0.13819679  0.13819679
  0.90098886  0.13819679  0.13819679  0.13819679  0.13819679  0.44331362
  0.13819679  0.13819679  0.90098886  0.13819679  0.13819679 -0.47203687
  0.13819679  0.13819679  0.13819679 -0.01436163  3.18936509 -0.01436163
  3.18936509  0.90098886 -0.62459529  0.13819679  0.44331362  0.13819679
  0.13819679  0.13819679  0.13819679  0.13819679  0.13819679  0.13819679
  0.13819679  0.13819679  0.13819679  0.13819679 -0.62459529  0.13819679
  0.13819679 -0.47203687 -0.47203687  0.13819679 -0.62459529  0.13819679
  0.13819679  2.42657301  0.13819679 -0.62459529  0.90098886  0.13819679
  0.90098886  0.13819679  0.13819679 -0.62459529  0.44331362 -2.15017944
  0.90098886  0.13819679  0.13819679  0.13819679  0.13819679  0.13819679]' has dtype incompatible with int64, please explicitly cast to a compatible dtype first.
  out.loc[:, cols] = scaler.transform(out[cols])
/mnt/c/Users/PS/workspace/Entity-Aware-Machine-Learning-for-PAH-Soil-Adsorption/src/preprocessing.py:38: FutureWarning: Setting an item of incompatible dtype is deprecated and will raise in a future error of pandas. Value '[-0.03553257  0.11894494  0.11894494 ...  0.11894494 -2.1982177
  0.89133248]' has dtype incompatible with int64, please explicitly cast to a compatible dtype first.
  out.loc[:, cols] = scaler.transform(out[cols])
/mnt/c/Users/PS/workspace/Entity-Aware-Machine-Learning-for-PAH-Soil-Adsorption/src/preprocessing.py:38: FutureWarning: Setting an item of incompatible dtype is deprecated and will raise in a future error of pandas. Value '[ 0.11894494  0.11894494  0.11894494 -1.42583015 -0.65344261  0.11894494
 -2.1982177   0.11894494  0.11894494  0.11894494  0.11894494 -0.03553257
 -0.65344261 -0.65344261  0.11894494  0.11894494  0.11894494 -0.65344261
  3.20849512  0.42789996  0.11894494  0.11894494  0.89133248  0.11894494
  0.11894494  0.11894494  3.20849512  0.11894494  0.11894494  0.11894494
  0.11894494 -0.65344261 -0.03553257  0.11894494  0.11894494  0.11894494
  0.42789996  0.11894494  0.11894494  0.89133248  0.11894494  0.11894494
 -2.1982177   0.89133248  0.11894494 -0.03553257  0.11894494 -0.65344261
 -2.1982177   0.11894494 -0.4989651   0.11894494 -0.4989651   0.11894494
  0.89133248  0.42789996  0.89133248 -2.1982177   0.42789996  0.11894494
  0.11894494  0.11894494  0.11894494  0.11894494  1.66372003  0.11894494
  0.11894494  0.11894494  0.89133248 -0.03553257 -0.65344261 -2.1982177
 -2.1982177   0.11894494  0.89133248 -2.1982177  -2.1982177   0.11894494
  0.89133248  0.11894494  0.11894494 -2.1982177   0.11894494 -2.1982177
  0.11894494  1.66372003  0.11894494  0.11894494  0.11894494 -2.1982177
 -0.65344261  0.11894494  2.43610757 -2.1982177   0.42789996  0.11894494
  0.42789996  0.11894494  0.11894494  0.11894494  0.11894494  0.11894494
  0.11894494  0.42789996 -2.97060524  0.11894494  0.11894494  0.11894494
  0.89133248  0.89133248 -0.03553257  0.11894494  0.11894494  0.89133248
 -2.97060524 -2.1982177  -1.42583015  0.89133248  3.20849512 -0.03553257
  0.11894494  0.11894494  0.89133248  0.11894494 -2.1982177   0.89133248
  0.11894494  0.42789996  0.11894494  0.42789996 -0.03553257  0.11894494
  0.11894494  0.11894494  0.89133248  0.11894494  0.89133248  0.11894494
  0.89133248  0.11894494  0.11894494  0.11894494  0.11894494 -1.42583015
  0.11894494  0.11894494  0.11894494  0.11894494  0.89133248 -2.1982177
 -0.65344261 -0.03553257  0.11894494  0.89133248 -2.1982177   0.11894494
  0.11894494  0.11894494  0.11894494 -2.1982177   2.43610757  0.11894494
  0.11894494  0.11894494  0.11894494 -0.65344261  0.11894494  0.11894494
  0.11894494  0.11894494  0.11894494  0.11894494  0.11894494  0.11894494
  1.04580999  0.11894494  0.89133248  0.11894494  0.11894494  0.11894494
  0.11894494  0.11894494  0.11894494 -0.65344261 -0.03553257  0.11894494
  0.11894494  2.43610757  0.11894494  0.42789996  0.11894494  0.11894494
  0.89133248  0.11894494  0.89133248 -2.97060524 -2.1982177  -0.4989651
 -2.1982177   3.20849512 -0.65344261  0.89133248  0.11894494  1.66372003
  0.11894494  0.11894494  0.42789996 -2.1982177   0.11894494  0.11894494
  0.11894494  0.11894494  0.11894494  0.89133248  0.11894494  0.11894494
  0.11894494  0.11894494 -0.4989651   1.66372003  0.11894494  0.11894494
 -0.65344261  0.89133248 -0.4989651  -0.03553257  0.11894494  0.11894494
 -0.65344261  0.11894494  0.11894494 -2.1982177  -1.42583015 -0.65344261
  0.11894494 -0.03553257  0.11894494  0.11894494  0.11894494  0.11894494
  0.11894494  0.11894494  2.43610757  0.11894494  0.11894494  0.11894494
  0.42789996  0.11894494 -0.65344261  0.11894494  0.11894494  0.11894494
  0.11894494  0.11894494  0.42789996  0.89133248  0.11894494  0.11894494
  0.27342245  0.11894494  0.11894494  0.89133248  0.11894494  0.11894494
  0.89133248 -2.1982177   0.11894494  0.11894494  0.11894494  0.11894494
  0.11894494 -2.1982177   0.11894494 -2.1982177   0.11894494  0.11894494
  0.11894494  0.11894494  0.11894494  0.11894494  0.11894494  0.11894494]' has dtype incompatible with int64, please explicitly cast to a compatible dtype first.
  out.loc[:, cols] = scaler.transform(out[cols])
/mnt/c/Users/PS/workspace/Entity-Aware-Machine-Learning-for-PAH-Soil-Adsorption/src/preprocessing.py:38: FutureWarning: Setting an item of incompatible dtype is deprecated and will raise in a future error of pandas. Value '[ 0.11484004 -0.67847212 -2.26509643 ...  0.11484004  0.90815219
  0.90815219]' has dtype incompatible with int64, please explicitly cast to a compatible dtype first.
  out.loc[:, cols] = scaler.transform(out[cols])
/mnt/c/Users/PS/workspace/Entity-Aware-Machine-Learning-for-PAH-Soil-Adsorption/src/preprocessing.py:38: FutureWarning: Setting an item of incompatible dtype is deprecated and will raise in a future error of pandas. Value '[ 0.11484004  0.90815219  0.11484004  0.90815219  0.4321649   0.90815219
 -2.26509643  3.28808866  0.11484004 -0.67847212  0.11484004  0.11484004
  0.11484004  0.90815219  0.11484004  0.4321649   0.11484004  0.11484004
  0.11484004  0.11484004 -0.67847212  3.28808866  0.11484004 -2.26509643
 -1.47178428  3.28808866  0.11484004  0.11484004 -2.26509643  1.70146435
  0.90815219  0.11484004  0.11484004 -2.26509643 -2.26509643 -0.51980969
  0.11484004  0.11484004  0.11484004  0.11484004  0.11484004  3.28808866
  0.11484004  0.11484004  0.11484004  0.11484004 -2.26509643  0.11484004
  0.90815219 -0.04382239  0.11484004  0.11484004  0.90815219  0.11484004
 -2.26509643  0.90815219 -2.26509643  0.11484004 -0.67847212  0.11484004
  0.11484004  0.11484004  0.11484004  0.11484004 -0.04382239  0.11484004
 -2.26509643  0.11484004  0.11484004  1.06681462  0.11484004  0.11484004
 -2.26509643  0.11484004  0.11484004  0.11484004 -2.26509643  0.4321649
  0.11484004 -0.67847212  0.11484004 -0.67847212  0.11484004 -2.26509643
  0.11484004  0.11484004  0.4321649   0.11484004  0.4321649   0.90815219
  0.11484004  0.11484004  0.11484004 -2.26509643  0.11484004  0.11484004
  0.11484004  0.90815219  0.11484004  0.11484004  0.11484004  0.11484004
  0.11484004  0.11484004  0.11484004  3.28808866  0.11484004  0.11484004
 -0.04382239  0.11484004  0.11484004  0.11484004  0.11484004  0.11484004
  0.11484004  0.11484004  0.11484004  0.11484004  0.11484004 -2.26509643
  0.11484004  0.11484004 -2.26509643  0.11484004  0.90815219  0.11484004
  0.90815219 -0.67847212  0.11484004 -2.26509643  0.11484004 -2.26509643
  0.90815219 -0.67847212 -2.26509643  0.90815219 -2.26509643  0.90815219
  0.11484004 -0.04382239 -0.67847212  0.11484004  0.11484004  0.11484004
 -0.04382239  0.11484004  0.11484004  0.11484004  0.90815219 -0.04382239
 -2.26509643  0.90815219 -2.26509643  0.11484004  0.11484004  0.4321649
  0.90815219  0.11484004  0.11484004 -0.67847212  0.11484004  0.11484004
  0.4321649   0.4321649  -2.26509643  0.11484004  0.11484004 -2.26509643
  0.11484004  0.11484004  0.11484004  0.90815219  0.11484004  0.11484004
  3.28808866  0.11484004  0.11484004  0.11484004  0.11484004  0.11484004
  0.11484004  0.11484004  0.11484004  0.11484004 -2.26509643  0.11484004
  0.11484004  3.28808866  0.11484004  0.11484004  0.11484004 -0.51980969
  0.90815219  0.11484004  0.11484004  0.11484004  0.11484004  0.11484004
  0.11484004 -0.51980969 -2.26509643  0.11484004 -2.26509643  0.90815219
  0.11484004  0.11484004  0.11484004 -2.26509643 -1.47178428 -2.26509643
  0.11484004  0.11484004 -1.47178428  0.11484004  3.28808866  3.28808866
 -2.26509643  0.11484004 -2.26509643  0.11484004 -0.04382239  0.11484004
  0.11484004  0.11484004  0.11484004  0.90815219  0.90815219  0.4321649
  0.11484004  1.70146435  0.11484004  0.11484004  0.11484004 -2.26509643
  0.11484004  0.11484004  0.11484004  0.11484004  0.90815219  0.11484004
  0.11484004  0.90815219  0.11484004 -1.47178428  0.90815219  0.11484004
  0.4321649  -1.47178428 -2.26509643  0.11484004  0.11484004  0.11484004
  0.11484004  0.11484004  0.11484004 -0.51980969  0.11484004  0.11484004
  0.11484004  0.11484004  3.28808866  0.11484004  0.11484004 -2.26509643
 -2.26509643  0.11484004  0.11484004  0.11484004  0.11484004  0.4321649
  0.11484004  0.11484004  0.4321649   0.11484004  0.11484004  0.59082733
  0.11484004  0.11484004 -1.47178428  0.11484004  0.11484004 -2.26509643]' has dtype incompatible with int64, please explicitly cast to a compatible dtype first.
  out.loc[:, cols] = scaler.transform(out[cols])
/mnt/c/Users/PS/workspace/Entity-Aware-Machine-Learning-for-PAH-Soil-Adsorption/src/preprocessing.py:38: FutureWarning: Setting an item of incompatible dtype is deprecated and will raise in a future error of pandas. Value '[-0.49969655 -0.49969655 -0.49969655 ...  0.12029526  0.12029526
  0.12029526]' has dtype incompatible with int64, please explicitly cast to a compatible dtype first.
  out.loc[:, cols] = scaler.transform(out[cols])
/mnt/c/Users/PS/workspace/Entity-Aware-Machine-Learning-for-PAH-Soil-Adsorption/src/preprocessing.py:38: FutureWarning: Setting an item of incompatible dtype is deprecated and will raise in a future error of pandas. Value '[0.12029526 0.12029526 0.12029526 0.12029526 0.12029526 0.12029526
 0.12029526 0.12029526 0.12029526 0.12029526]' has dtype incompatible with int64, please explicitly cast to a compatible dtype first.
  out.loc[:, cols] = scaler.transform(out[cols])
/mnt/c/Users/PS/workspace/Entity-Aware-Machine-Learning-for-PAH-Soil-Adsorption/src/preprocessing.py:38: FutureWarning: Setting an item of incompatible dtype is deprecated and will raise in a future error of pandas. Value '[0.12038265 0.12038265 0.12038265 ... 0.12038265 0.12038265 0.12038265]' has dtype incompatible with int64, please explicitly cast to a compatible dtype first.
  out.loc[:, cols] = scaler.transform(out[cols])
/mnt/c/Users/PS/workspace/Entity-Aware-Machine-Learning-for-PAH-Soil-Adsorption/src/preprocessing.py:38: FutureWarning: Setting an item of incompatible dtype is deprecated and will raise in a future error of pandas. Value '[0.12038265 0.12038265 0.12038265 0.12038265 0.12038265 0.12038265
 0.12038265 0.12038265 0.12038265 0.12038265 0.12038265 0.12038265]' has dtype incompatible with int64, please explicitly cast to a compatible dtype first.
  out.loc[:, cols] = scaler.transform(out[cols])
/mnt/c/Users/PS/workspace/Entity-Aware-Machine-Learning-for-PAH-Soil-Adsorption/src/preprocessing.py:38: FutureWarning: Setting an item of incompatible dtype is deprecated and will raise in a future error of pandas. Value '[0.12007762 0.12007762 0.12007762 ... 0.12007762 0.12007762 0.12007762]' has dtype incompatible with int64, please explicitly cast to a compatible dtype first.
  out.loc[:, cols] = scaler.transform(out[cols])
/mnt/c/Users/PS/workspace/Entity-Aware-Machine-Learning-for-PAH-Soil-Adsorption/src/preprocessing.py:38: FutureWarning: Setting an item of incompatible dtype is deprecated and will raise in a future error of pandas. Value '[0.12007762 0.12007762 0.12007762 0.12007762 0.12007762]' has dtype incompatible with int64, please explicitly cast to a compatible dtype first.
  out.loc[:, cols] = scaler.transform(out[cols])
/mnt/c/Users/PS/workspace/Entity-Aware-Machine-Learning-for-PAH-Soil-Adsorption/src/preprocessing.py:38: FutureWarning: Setting an item of incompatible dtype is deprecated and will raise in a future error of pandas. Value '[0.11904453 0.11904453 0.11904453 ... 0.11904453 0.11904453 0.11904453]' has dtype incompatible with int64, please explicitly cast to a compatible dtype first.
  out.loc[:, cols] = scaler.transform(out[cols])
/mnt/c/Users/PS/workspace/Entity-Aware-Machine-Learning-for-PAH-Soil-Adsorption/src/preprocessing.py:38: FutureWarning: Setting an item of incompatible dtype is deprecated and will raise in a future error of pandas. Value '[-0.0358354 -0.0358354 -0.0358354 -0.0358354 -0.0358354 -0.0358354
 -0.0358354 -0.0358354 -0.0358354 -0.0358354 -0.0358354 -0.0358354]' has dtype incompatible with int64, please explicitly cast to a compatible dtype first.
  out.loc[:, cols] = scaler.transform(out[cols])
/mnt/c/Users/PS/workspace/Entity-Aware-Machine-Learning-for-PAH-Soil-Adsorption/src/preprocessing.py:38: FutureWarning: Setting an item of incompatible dtype is deprecated and will raise in a future error of pandas. Value '[0.12396071 0.12396071 0.12396071 ... 0.12396071 0.12396071 0.12396071]' has dtype incompatible with int64, please explicitly cast to a compatible dtype first.
  out.loc[:, cols] = scaler.transform(out[cols])
/mnt/c/Users/PS/workspace/Entity-Aware-Machine-Learning-for-PAH-Soil-Adsorption/src/preprocessing.py:38: FutureWarning: Setting an item of incompatible dtype is deprecated and will raise in a future error of pandas. Value '[0.43369573 0.43369573 0.43369573 0.43369573 0.43369573 0.43369573
 0.43369573 0.43369573 0.43369573 0.43369573 0.43369573 0.43369573
 0.43369573 0.43369573 0.43369573]' has dtype incompatible with int64, please explicitly cast to a compatible dtype first.
  out.loc[:, cols] = scaler.transform(out[cols])
/mnt/c/Users/PS/workspace/Entity-Aware-Machine-Learning-for-PAH-Soil-Adsorption/src/preprocessing.py:38: FutureWarning: Setting an item of incompatible dtype is deprecated and will raise in a future error of pandas. Value '[0.12007762 0.12007762 0.12007762 ... 0.12007762 0.12007762 0.12007762]' has dtype incompatible with int64, please explicitly cast to a compatible dtype first.
  out.loc[:, cols] = scaler.transform(out[cols])
/mnt/c/Users/PS/workspace/Entity-Aware-Machine-Learning-for-PAH-Soil-Adsorption/src/preprocessing.py:38: FutureWarning: Setting an item of incompatible dtype is deprecated and will raise in a future error of pandas. Value '[0.12007762 0.12007762 0.12007762 0.12007762 0.12007762]' has dtype incompatible with int64, please explicitly cast to a compatible dtype first.
  out.loc[:, cols] = scaler.transform(out[cols])
/mnt/c/Users/PS/workspace/Entity-Aware-Machine-Learning-for-PAH-Soil-Adsorption/src/preprocessing.py:38: FutureWarning: Setting an item of incompatible dtype is deprecated and will raise in a future error of pandas. Value '[0.12003424 0.12003424 0.12003424 ... 0.12003424 0.12003424 0.12003424]' has dtype incompatible with int64, please explicitly cast to a compatible dtype first.
  out.loc[:, cols] = scaler.transform(out[cols])
/mnt/c/Users/PS/workspace/Entity-Aware-Machine-Learning-for-PAH-Soil-Adsorption/src/preprocessing.py:38: FutureWarning: Setting an item of incompatible dtype is deprecated and will raise in a future error of pandas. Value '[0.12003424 0.12003424 0.12003424 0.12003424]' has dtype incompatible with int64, please explicitly cast to a compatible dtype first.
  out.loc[:, cols] = scaler.transform(out[cols])
/mnt/c/Users/PS/workspace/Entity-Aware-Machine-Learning-for-PAH-Soil-Adsorption/src/preprocessing.py:38: FutureWarning: Setting an item of incompatible dtype is deprecated and will raise in a future error of pandas. Value '[0.12029526 0.12029526 0.12029526 ... 0.12029526 0.12029526 0.12029526]' has dtype incompatible with int64, please explicitly cast to a compatible dtype first.
  out.loc[:, cols] = scaler.transform(out[cols])
/mnt/c/Users/PS/workspace/Entity-Aware-Machine-Learning-for-PAH-Soil-Adsorption/src/preprocessing.py:38: FutureWarning: Setting an item of incompatible dtype is deprecated and will raise in a future error of pandas. Value '[0.12029526 0.12029526 0.12029526 0.12029526 0.12029526 0.12029526
 0.12029526 0.12029526 0.12029526 0.12029526]' has dtype incompatible with int64, please explicitly cast to a compatible dtype first.
  out.loc[:, cols] = scaler.transform(out[cols])
/mnt/c/Users/PS/workspace/Entity-Aware-Machine-Learning-for-PAH-Soil-Adsorption/src/preprocessing.py:38: FutureWarning: Setting an item of incompatible dtype is deprecated and will raise in a future error of pandas. Value '[0.12016454 0.12016454 0.12016454 ... 0.12016454 0.12016454 0.12016454]' has dtype incompatible with int64, please explicitly cast to a compatible dtype first.
  out.loc[:, cols] = scaler.transform(out[cols])
/mnt/c/Users/PS/workspace/Entity-Aware-Machine-Learning-for-PAH-Soil-Adsorption/src/preprocessing.py:38: FutureWarning: Setting an item of incompatible dtype is deprecated and will raise in a future error of pandas. Value '[0.12016454 0.12016454 0.12016454 0.12016454 0.12016454 0.12016454
 0.12016454]' has dtype incompatible with int64, please explicitly cast to a compatible dtype first.
  out.loc[:, cols] = scaler.transform(out[cols])
/mnt/c/Users/PS/workspace/Entity-Aware-Machine-Learning-for-PAH-Soil-Adsorption/src/preprocessing.py:38: FutureWarning: Setting an item of incompatible dtype is deprecated and will raise in a future error of pandas. Value '[0.13132817 0.13132817 0.13132817 ... 0.13132817 0.13132817 0.13132817]' has dtype incompatible with int64, please explicitly cast to a compatible dtype first.
  out.loc[:, cols] = scaler.transform(out[cols])
/mnt/c/Users/PS/workspace/Entity-Aware-Machine-Learning-for-PAH-Soil-Adsorption/src/preprocessing.py:38: FutureWarning: Setting an item of incompatible dtype is deprecated and will raise in a future error of pandas. Value '[0.90812032 0.90812032 0.90812032 0.90812032 0.90812032 0.90812032
 0.90812032 0.90812032 0.90812032 0.90812032 0.90812032 0.90812032
 0.90812032 0.90812032 0.90812032 0.90812032 0.90812032 0.90812032]' has dtype incompatible with int64, please explicitly cast to a compatible dtype first.
  out.loc[:, cols] = scaler.transform(out[cols])
/mnt/c/Users/PS/workspace/Entity-Aware-Machine-Learning-for-PAH-Soil-Adsorption/src/preprocessing.py:38: FutureWarning: Setting an item of incompatible dtype is deprecated and will raise in a future error of pandas. Value '[0.12016454 0.12016454 0.12016454 ... 0.12016454 0.12016454 0.12016454]' has dtype incompatible with int64, please explicitly cast to a compatible dtype first.
  out.loc[:, cols] = scaler.transform(out[cols])
/mnt/c/Users/PS/workspace/Entity-Aware-Machine-Learning-for-PAH-Soil-Adsorption/src/preprocessing.py:38: FutureWarning: Setting an item of incompatible dtype is deprecated and will raise in a future error of pandas. Value '[0.12016454 0.12016454 0.12016454 0.12016454 0.12016454 0.12016454
 0.12016454]' has dtype incompatible with int64, please explicitly cast to a compatible dtype first.
  out.loc[:, cols] = scaler.transform(out[cols])
/mnt/c/Users/PS/workspace/Entity-Aware-Machine-Learning-for-PAH-Soil-Adsorption/src/preprocessing.py:38: FutureWarning: Setting an item of incompatible dtype is deprecated and will raise in a future error of pandas. Value '[0.1199909 0.1199909 0.1199909 ... 0.1199909 0.1199909 0.1199909]' has dtype incompatible with int64, please explicitly cast to a compatible dtype first.
  out.loc[:, cols] = scaler.transform(out[cols])
/mnt/c/Users/PS/workspace/Entity-Aware-Machine-Learning-for-PAH-Soil-Adsorption/src/preprocessing.py:38: FutureWarning: Setting an item of incompatible dtype is deprecated and will raise in a future error of pandas. Value '[0.1199909 0.1199909 0.1199909]' has dtype incompatible with int64, please explicitly cast to a compatible dtype first.
  out.loc[:, cols] = scaler.transform(out[cols])
/mnt/c/Users/PS/workspace/Entity-Aware-Machine-Learning-for-PAH-Soil-Adsorption/src/preprocessing.py:38: FutureWarning: Setting an item of incompatible dtype is deprecated and will raise in a future error of pandas. Value '[0.13456473 0.13456473 0.13456473 ... 0.13456473 0.13456473 0.13456473]' has dtype incompatible with int64, please explicitly cast to a compatible dtype first.
  out.loc[:, cols] = scaler.transform(out[cols])
/mnt/c/Users/PS/workspace/Entity-Aware-Machine-Learning-for-PAH-Soil-Adsorption/src/preprocessing.py:38: FutureWarning: Setting an item of incompatible dtype is deprecated and will raise in a future error of pandas. Value '[0.91111534 0.91111534 0.91111534 0.91111534 0.91111534 0.91111534
 0.91111534 0.91111534 0.91111534 0.91111534 0.91111534 0.91111534
 0.91111534 0.91111534 0.91111534 0.91111534 0.91111534 0.91111534
 0.91111534 0.91111534 0.91111534 0.91111534 0.91111534]' has dtype incompatible with int64, please explicitly cast to a compatible dtype first.
  out.loc[:, cols] = scaler.transform(out[cols])
/mnt/c/Users/PS/workspace/Entity-Aware-Machine-Learning-for-PAH-Soil-Adsorption/src/preprocessing.py:38: FutureWarning: Setting an item of incompatible dtype is deprecated and will raise in a future error of pandas. Value '[0.12262085 0.12262085 0.12262085 ... 0.12262085 0.12262085 0.12262085]' has dtype incompatible with int64, please explicitly cast to a compatible dtype first.
  out.loc[:, cols] = scaler.transform(out[cols])
/mnt/c/Users/PS/workspace/Entity-Aware-Machine-Learning-for-PAH-Soil-Adsorption/src/preprocessing.py:38: FutureWarning: Setting an item of incompatible dtype is deprecated and will raise in a future error of pandas. Value '[0.12262085 0.27794798 0.43327512 0.58860225 0.74392939 0.89925652
 1.05458365]' has dtype incompatible with int64, please explicitly cast to a compatible dtype first.
  out.loc[:, cols] = scaler.transform(out[cols])
/mnt/c/Users/PS/workspace/Entity-Aware-Machine-Learning-for-PAH-Soil-Adsorption/src/preprocessing.py:38: FutureWarning: Setting an item of incompatible dtype is deprecated and will raise in a future error of pandas. Value '[0.13048484 0.13048484 0.13048484 ... 0.13048484 0.13048484 0.13048484]' has dtype incompatible with int64, please explicitly cast to a compatible dtype first.
  out.loc[:, cols] = scaler.transform(out[cols])
/mnt/c/Users/PS/workspace/Entity-Aware-Machine-Learning-for-PAH-Soil-Adsorption/src/preprocessing.py:38: FutureWarning: Setting an item of incompatible dtype is deprecated and will raise in a future error of pandas. Value '[0.13048484 0.13048484 0.13048484 0.13048484 0.13048484 0.13048484
 0.13048484 0.13048484 0.13048484 0.13048484 0.13048484 0.13048484
 0.13048484 0.13048484 0.13048484 2.47246278 2.47246278 2.47246278
 2.47246278 2.47246278]' has dtype incompatible with int64, please explicitly cast to a compatible dtype first.
  out.loc[:, cols] = scaler.transform(out[cols])
/mnt/c/Users/PS/workspace/Entity-Aware-Machine-Learning-for-PAH-Soil-Adsorption/src/preprocessing.py:38: FutureWarning: Setting an item of incompatible dtype is deprecated and will raise in a future error of pandas. Value '[0.1199476 0.1199476 0.1199476 ... 0.1199476 0.1199476 0.1199476]' has dtype incompatible with int64, please explicitly cast to a compatible dtype first.
  out.loc[:, cols] = scaler.transform(out[cols])
/mnt/c/Users/PS/workspace/Entity-Aware-Machine-Learning-for-PAH-Soil-Adsorption/src/preprocessing.py:38: FutureWarning: Setting an item of incompatible dtype is deprecated and will raise in a future error of pandas. Value '[0.1199476 0.1199476]' has dtype incompatible with int64, please explicitly cast to a compatible dtype first.
  out.loc[:, cols] = scaler.transform(out[cols])
/mnt/c/Users/PS/workspace/Entity-Aware-Machine-Learning-for-PAH-Soil-Adsorption/src/preprocessing.py:38: FutureWarning: Setting an item of incompatible dtype is deprecated and will raise in a future error of pandas. Value '[0.12016454 0.12016454 0.12016454 ... 0.12016454 0.12016454 0.12016454]' has dtype incompatible with int64, please explicitly cast to a compatible dtype first.
  out.loc[:, cols] = scaler.transform(out[cols])
/mnt/c/Users/PS/workspace/Entity-Aware-Machine-Learning-for-PAH-Soil-Adsorption/src/preprocessing.py:38: FutureWarning: Setting an item of incompatible dtype is deprecated and will raise in a future error of pandas. Value '[0.12016454 0.12016454 0.12016454 0.12016454 0.12016454 0.12016454
 0.12016454]' has dtype incompatible with int64, please explicitly cast to a compatible dtype first.
  out.loc[:, cols] = scaler.transform(out[cols])
/mnt/c/Users/PS/workspace/Entity-Aware-Machine-Learning-for-PAH-Soil-Adsorption/src/preprocessing.py:38: FutureWarning: Setting an item of incompatible dtype is deprecated and will raise in a future error of pandas. Value '[0.12016454 0.12016454 0.12016454 ... 0.12016454 0.12016454 0.12016454]' has dtype incompatible with int64, please explicitly cast to a compatible dtype first.
  out.loc[:, cols] = scaler.transform(out[cols])
/mnt/c/Users/PS/workspace/Entity-Aware-Machine-Learning-for-PAH-Soil-Adsorption/src/preprocessing.py:38: FutureWarning: Setting an item of incompatible dtype is deprecated and will raise in a future error of pandas. Value '[0.12016454 0.12016454 0.12016454 0.12016454 0.12016454 0.12016454
 0.12016454]' has dtype incompatible with int64, please explicitly cast to a compatible dtype first.
  out.loc[:, cols] = scaler.transform(out[cols])
/mnt/c/Users/PS/workspace/Entity-Aware-Machine-Learning-for-PAH-Soil-Adsorption/src/preprocessing.py:38: FutureWarning: Setting an item of incompatible dtype is deprecated and will raise in a future error of pandas. Value '[0.12396071 0.12396071 0.12396071 ... 0.12396071 0.12396071 0.12396071]' has dtype incompatible with int64, please explicitly cast to a compatible dtype first.
  out.loc[:, cols] = scaler.transform(out[cols])
/mnt/c/Users/PS/workspace/Entity-Aware-Machine-Learning-for-PAH-Soil-Adsorption/src/preprocessing.py:38: FutureWarning: Setting an item of incompatible dtype is deprecated and will raise in a future error of pandas. Value '[0.43369573 0.43369573 0.43369573 0.43369573 0.43369573 0.43369573
 0.43369573 0.43369573 0.43369573 0.43369573 0.43369573 0.43369573
 0.43369573 0.43369573 0.43369573]' has dtype incompatible with int64, please explicitly cast to a compatible dtype first.
  out.loc[:, cols] = scaler.transform(out[cols])
/mnt/c/Users/PS/workspace/Entity-Aware-Machine-Learning-for-PAH-Soil-Adsorption/src/preprocessing.py:38: FutureWarning: Setting an item of incompatible dtype is deprecated and will raise in a future error of pandas. Value '[0.12016454 0.12016454 0.12016454 ... 0.12016454 0.12016454 0.12016454]' has dtype incompatible with int64, please explicitly cast to a compatible dtype first.
  out.loc[:, cols] = scaler.transform(out[cols])
/mnt/c/Users/PS/workspace/Entity-Aware-Machine-Learning-for-PAH-Soil-Adsorption/src/preprocessing.py:38: FutureWarning: Setting an item of incompatible dtype is deprecated and will raise in a future error of pandas. Value '[0.12016454 0.12016454 0.12016454 0.12016454 0.12016454 0.12016454
 0.12016454]' has dtype incompatible with int64, please explicitly cast to a compatible dtype first.
  out.loc[:, cols] = scaler.transform(out[cols])
/mnt/c/Users/PS/workspace/Entity-Aware-Machine-Learning-for-PAH-Soil-Adsorption/src/preprocessing.py:38: FutureWarning: Setting an item of incompatible dtype is deprecated and will raise in a future error of pandas. Value '[0.12396071 0.12396071 0.12396071 ... 0.12396071 0.12396071 0.12396071]' has dtype incompatible with int64, please explicitly cast to a compatible dtype first.
  out.loc[:, cols] = scaler.transform(out[cols])
/mnt/c/Users/PS/workspace/Entity-Aware-Machine-Learning-for-PAH-Soil-Adsorption/src/preprocessing.py:38: FutureWarning: Setting an item of incompatible dtype is deprecated and will raise in a future error of pandas. Value '[0.43369573 0.43369573 0.43369573 0.43369573 0.43369573 0.43369573
 0.43369573 0.43369573 0.43369573 0.43369573 0.43369573 0.43369573
 0.43369573 0.43369573 0.43369573]' has dtype incompatible with int64, please explicitly cast to a compatible dtype first.
  out.loc[:, cols] = scaler.transform(out[cols])
/mnt/c/Users/PS/workspace/Entity-Aware-Machine-Learning-for-PAH-Soil-Adsorption/src/preprocessing.py:38: FutureWarning: Setting an item of incompatible dtype is deprecated and will raise in a future error of pandas. Value '[0.12007762 0.12007762 0.12007762 ... 0.12007762 0.12007762 0.12007762]' has dtype incompatible with int64, please explicitly cast to a compatible dtype first.
  out.loc[:, cols] = scaler.transform(out[cols])
/mnt/c/Users/PS/workspace/Entity-Aware-Machine-Learning-for-PAH-Soil-Adsorption/src/preprocessing.py:38: FutureWarning: Setting an item of incompatible dtype is deprecated and will raise in a future error of pandas. Value '[0.12007762 0.12007762 0.12007762 0.12007762 0.12007762]' has dtype incompatible with int64, please explicitly cast to a compatible dtype first.
  out.loc[:, cols] = scaler.transform(out[cols])
/mnt/c/Users/PS/workspace/Entity-Aware-Machine-Learning-for-PAH-Soil-Adsorption/src/preprocessing.py:38: FutureWarning: Setting an item of incompatible dtype is deprecated and will raise in a future error of pandas. Value '[0.12029526 0.12029526 0.12029526 ... 0.12029526 0.12029526 0.12029526]' has dtype incompatible with int64, please explicitly cast to a compatible dtype first.
  out.loc[:, cols] = scaler.transform(out[cols])
/mnt/c/Users/PS/workspace/Entity-Aware-Machine-Learning-for-PAH-Soil-Adsorption/src/preprocessing.py:38: FutureWarning: Setting an item of incompatible dtype is deprecated and will raise in a future error of pandas. Value '[0.12029526 0.12029526 0.12029526 0.12029526 0.12029526 0.12029526
 0.12029526 0.12029526 0.12029526 0.12029526]' has dtype incompatible with int64, please explicitly cast to a compatible dtype first.
  out.loc[:, cols] = scaler.transform(out[cols])
/mnt/c/Users/PS/workspace/Entity-Aware-Machine-Learning-for-PAH-Soil-Adsorption/src/preprocessing.py:38: FutureWarning: Setting an item of incompatible dtype is deprecated and will raise in a future error of pandas. Value '[0.12016454 0.12016454 0.12016454 ... 0.12016454 0.12016454 0.12016454]' has dtype incompatible with int64, please explicitly cast to a compatible dtype first.
  out.loc[:, cols] = scaler.transform(out[cols])
/mnt/c/Users/PS/workspace/Entity-Aware-Machine-Learning-for-PAH-Soil-Adsorption/src/preprocessing.py:38: FutureWarning: Setting an item of incompatible dtype is deprecated and will raise in a future error of pandas. Value '[0.12016454 0.12016454 0.12016454 0.12016454 0.12016454 0.12016454
 0.12016454]' has dtype incompatible with int64, please explicitly cast to a compatible dtype first.
  out.loc[:, cols] = scaler.transform(out[cols])
/mnt/c/Users/PS/workspace/Entity-Aware-Machine-Learning-for-PAH-Soil-Adsorption/src/preprocessing.py:38: FutureWarning: Setting an item of incompatible dtype is deprecated and will raise in a future error of pandas. Value '[0.12331596 0.12331596 0.12331596 ... 0.12331596 0.12331596 0.12331596]' has dtype incompatible with int64, please explicitly cast to a compatible dtype first.
  out.loc[:, cols] = scaler.transform(out[cols])
/mnt/c/Users/PS/workspace/Entity-Aware-Machine-Learning-for-PAH-Soil-Adsorption/src/preprocessing.py:38: FutureWarning: Setting an item of incompatible dtype is deprecated and will raise in a future error of pandas. Value '[ 0.12331596  0.12331596  0.12331596  0.12331596  0.12331596  0.12331596
  0.12331596  0.12331596  0.12331596  0.12331596 -1.44285355 -1.44285355
 -1.44285355 -1.44285355 -1.44285355 -1.44285355 -1.44285355 -1.44285355
 -1.44285355 -1.44285355  1.68948547  1.68948547  1.68948547  1.68948547
  1.68948547  1.68948547  1.68948547  1.68948547  1.68948547  1.68948547]' has dtype incompatible with int64, please explicitly cast to a compatible dtype first.
  out.loc[:, cols] = scaler.transform(out[cols])
/mnt/c/Users/PS/workspace/Entity-Aware-Machine-Learning-for-PAH-Soil-Adsorption/src/preprocessing.py:38: FutureWarning: Setting an item of incompatible dtype is deprecated and will raise in a future error of pandas. Value '[0.12016454 0.12016454 0.12016454 ... 0.12016454 0.12016454 0.12016454]' has dtype incompatible with int64, please explicitly cast to a compatible dtype first.
  out.loc[:, cols] = scaler.transform(out[cols])
/mnt/c/Users/PS/workspace/Entity-Aware-Machine-Learning-for-PAH-Soil-Adsorption/src/preprocessing.py:38: FutureWarning: Setting an item of incompatible dtype is deprecated and will raise in a future error of pandas. Value '[0.12016454 0.12016454 0.12016454 0.12016454 0.12016454 0.12016454
 0.12016454]' has dtype incompatible with int64, please explicitly cast to a compatible dtype first.
  out.loc[:, cols] = scaler.transform(out[cols])
/mnt/c/Users/PS/workspace/Entity-Aware-Machine-Learning-for-PAH-Soil-Adsorption/src/preprocessing.py:38: FutureWarning: Setting an item of incompatible dtype is deprecated and will raise in a future error of pandas. Value '[0.12117782 0.12117782 0.12117782 ... 0.12117782 0.12117782 0.12117782]' has dtype incompatible with int64, please explicitly cast to a compatible dtype first.
  out.loc[:, cols] = scaler.transform(out[cols])
/mnt/c/Users/PS/workspace/Entity-Aware-Machine-Learning-for-PAH-Soil-Adsorption/src/preprocessing.py:38: FutureWarning: Setting an item of incompatible dtype is deprecated and will raise in a future error of pandas. Value '[0.12117782 0.12117782 0.12117782 0.12117782 0.12117782 0.12117782
 0.12117782 0.12117782 0.12117782 0.12117782 0.12117782 0.12117782
 0.12117782 0.12117782 0.12117782 0.12117782 0.12117782 0.12117782
 0.12117782 0.12117782 0.12117782 0.12117782 0.12117782 0.12117782
 0.12117782 0.12117782 0.12117782 0.12117782 0.12117782 0.12117782]' has dtype incompatible with int64, please explicitly cast to a compatible dtype first.
  out.loc[:, cols] = scaler.transform(out[cols])
/mnt/c/Users/PS/workspace/Entity-Aware-Machine-Learning-for-PAH-Soil-Adsorption/src/preprocessing.py:38: FutureWarning: Setting an item of incompatible dtype is deprecated and will raise in a future error of pandas. Value '[0.13048484 0.13048484 0.13048484 ... 0.13048484 0.13048484 0.13048484]' has dtype incompatible with int64, please explicitly cast to a compatible dtype first.
  out.loc[:, cols] = scaler.transform(out[cols])
/mnt/c/Users/PS/workspace/Entity-Aware-Machine-Learning-for-PAH-Soil-Adsorption/src/preprocessing.py:38: FutureWarning: Setting an item of incompatible dtype is deprecated and will raise in a future error of pandas. Value '[0.13048484 0.13048484 0.13048484 0.13048484 0.13048484 0.13048484
 0.13048484 0.13048484 0.13048484 0.13048484 0.13048484 0.13048484
 0.13048484 0.13048484 0.13048484 2.47246278 2.47246278 2.47246278
 2.47246278 2.47246278]' has dtype incompatible with int64, please explicitly cast to a compatible dtype first.
  out.loc[:, cols] = scaler.transform(out[cols])
/mnt/c/Users/PS/workspace/Entity-Aware-Machine-Learning-for-PAH-Soil-Adsorption/src/preprocessing.py:38: FutureWarning: Setting an item of incompatible dtype is deprecated and will raise in a future error of pandas. Value '[0.1300094 0.1300094 0.1300094 ... 0.1300094 0.1300094 0.1300094]' has dtype incompatible with int64, please explicitly cast to a compatible dtype first.
  out.loc[:, cols] = scaler.transform(out[cols])
/mnt/c/Users/PS/workspace/Entity-Aware-Machine-Learning-for-PAH-Soil-Adsorption/src/preprocessing.py:38: FutureWarning: Setting an item of incompatible dtype is deprecated and will raise in a future error of pandas. Value '[0.1300094  0.1300094  0.1300094  0.1300094  0.1300094  2.48026561
 2.48026561 2.48026561 2.48026561 2.48026561]' has dtype incompatible with int64, please explicitly cast to a compatible dtype first.
  out.loc[:, cols] = scaler.transform(out[cols])
/mnt/c/Users/PS/workspace/Entity-Aware-Machine-Learning-for-PAH-Soil-Adsorption/src/preprocessing.py:38: FutureWarning: Setting an item of incompatible dtype is deprecated and will raise in a future error of pandas. Value '[0.12016454 0.12016454 0.12016454 ... 0.12016454 0.12016454 0.12016454]' has dtype incompatible with int64, please explicitly cast to a compatible dtype first.
  out.loc[:, cols] = scaler.transform(out[cols])
/mnt/c/Users/PS/workspace/Entity-Aware-Machine-Learning-for-PAH-Soil-Adsorption/src/preprocessing.py:38: FutureWarning: Setting an item of incompatible dtype is deprecated and will raise in a future error of pandas. Value '[0.12016454 0.12016454 0.12016454 0.12016454 0.12016454 0.12016454
 0.12016454]' has dtype incompatible with int64, please explicitly cast to a compatible dtype first.
  out.loc[:, cols] = scaler.transform(out[cols])
/mnt/c/Users/PS/workspace/Entity-Aware-Machine-Learning-for-PAH-Soil-Adsorption/src/preprocessing.py:38: FutureWarning: Setting an item of incompatible dtype is deprecated and will raise in a future error of pandas. Value '[0.12012106 0.12012106 0.12012106 ... 0.12012106 0.12012106 0.12012106]' has dtype incompatible with int64, please explicitly cast to a compatible dtype first.
  out.loc[:, cols] = scaler.transform(out[cols])
/mnt/c/Users/PS/workspace/Entity-Aware-Machine-Learning-for-PAH-Soil-Adsorption/src/preprocessing.py:38: FutureWarning: Setting an item of incompatible dtype is deprecated and will raise in a future error of pandas. Value '[0.12012106 0.12012106 0.12012106 0.12012106 0.12012106 0.12012106]' has dtype incompatible with int64, please explicitly cast to a compatible dtype first.
  out.loc[:, cols] = scaler.transform(out[cols])
/mnt/c/Users/PS/workspace/Entity-Aware-Machine-Learning-for-PAH-Soil-Adsorption/src/preprocessing.py:38: FutureWarning: Setting an item of incompatible dtype is deprecated and will raise in a future error of pandas. Value '[0.12016454 0.12016454 0.12016454 ... 0.12016454 0.12016454 0.12016454]' has dtype incompatible with int64, please explicitly cast to a compatible dtype first.
  out.loc[:, cols] = scaler.transform(out[cols])
/mnt/c/Users/PS/workspace/Entity-Aware-Machine-Learning-for-PAH-Soil-Adsorption/src/preprocessing.py:38: FutureWarning: Setting an item of incompatible dtype is deprecated and will raise in a future error of pandas. Value '[0.12016454 0.12016454 0.12016454 0.12016454 0.12016454 0.12016454
 0.12016454]' has dtype incompatible with int64, please explicitly cast to a compatible dtype first.
  out.loc[:, cols] = scaler.transform(out[cols])
/mnt/c/Users/PS/workspace/Entity-Aware-Machine-Learning-for-PAH-Soil-Adsorption/src/preprocessing.py:38: FutureWarning: Setting an item of incompatible dtype is deprecated and will raise in a future error of pandas. Value '[0.12016454 0.12016454 0.12016454 ... 0.12016454 0.12016454 0.12016454]' has dtype incompatible with int64, please explicitly cast to a compatible dtype first.
  out.loc[:, cols] = scaler.transform(out[cols])
/mnt/c/Users/PS/workspace/Entity-Aware-Machine-Learning-for-PAH-Soil-Adsorption/src/preprocessing.py:38: FutureWarning: Setting an item of incompatible dtype is deprecated and will raise in a future error of pandas. Value '[0.12016454 0.12016454 0.12016454 0.12016454 0.12016454 0.12016454
 0.12016454]' has dtype incompatible with int64, please explicitly cast to a compatible dtype first.
  out.loc[:, cols] = scaler.transform(out[cols])
/mnt/c/Users/PS/workspace/Entity-Aware-Machine-Learning-for-PAH-Soil-Adsorption/src/preprocessing.py:38: FutureWarning: Setting an item of incompatible dtype is deprecated and will raise in a future error of pandas. Value '[0.11931728 0.11931728 0.11931728 ... 0.11931728 0.11931728 0.11931728]' has dtype incompatible with int64, please explicitly cast to a compatible dtype first.
  out.loc[:, cols] = scaler.transform(out[cols])
/mnt/c/Users/PS/workspace/Entity-Aware-Machine-Learning-for-PAH-Soil-Adsorption/src/preprocessing.py:38: FutureWarning: Setting an item of incompatible dtype is deprecated and will raise in a future error of pandas. Value '[-0.0357841 -0.0357841 -0.0357841 -0.0357841 -0.0357841 -0.0357841
 -0.0357841 -0.0357841]' has dtype incompatible with int64, please explicitly cast to a compatible dtype first.
  out.loc[:, cols] = scaler.transform(out[cols])
/mnt/c/Users/PS/workspace/Entity-Aware-Machine-Learning-for-PAH-Soil-Adsorption/src/preprocessing.py:38: FutureWarning: Setting an item of incompatible dtype is deprecated and will raise in a future error of pandas. Value '[0.12007762 0.12007762 0.12007762 ... 0.12007762 0.12007762 0.12007762]' has dtype incompatible with int64, please explicitly cast to a compatible dtype first.
  out.loc[:, cols] = scaler.transform(out[cols])
/mnt/c/Users/PS/workspace/Entity-Aware-Machine-Learning-for-PAH-Soil-Adsorption/src/preprocessing.py:38: FutureWarning: Setting an item of incompatible dtype is deprecated and will raise in a future error of pandas. Value '[0.12007762 0.12007762 0.12007762 0.12007762 0.12007762]' has dtype incompatible with int64, please explicitly cast to a compatible dtype first.
  out.loc[:, cols] = scaler.transform(out[cols])
/mnt/c/Users/PS/workspace/Entity-Aware-Machine-Learning-for-PAH-Soil-Adsorption/src/preprocessing.py:38: FutureWarning: Setting an item of incompatible dtype is deprecated and will raise in a future error of pandas. Value '[0.11958948 0.11958948 0.11958948 ... 0.11958948 0.11958948 0.11958948]' has dtype incompatible with int64, please explicitly cast to a compatible dtype first.
  out.loc[:, cols] = scaler.transform(out[cols])
/mnt/c/Users/PS/workspace/Entity-Aware-Machine-Learning-for-PAH-Soil-Adsorption/src/preprocessing.py:38: FutureWarning: Setting an item of incompatible dtype is deprecated and will raise in a future error of pandas. Value '[-0.03573303 -0.03573303 -0.03573303 -0.03573303]' has dtype incompatible with int64, please explicitly cast to a compatible dtype first.
  out.loc[:, cols] = scaler.transform(out[cols])
/mnt/c/Users/PS/workspace/Entity-Aware-Machine-Learning-for-PAH-Soil-Adsorption/src/preprocessing.py:38: FutureWarning: Setting an item of incompatible dtype is deprecated and will raise in a future error of pandas. Value '[0.12012106 0.12012106 0.12012106 ... 0.12012106 0.12012106 0.12012106]' has dtype incompatible with int64, please explicitly cast to a compatible dtype first.
  out.loc[:, cols] = scaler.transform(out[cols])
/mnt/c/Users/PS/workspace/Entity-Aware-Machine-Learning-for-PAH-Soil-Adsorption/src/preprocessing.py:38: FutureWarning: Setting an item of incompatible dtype is deprecated and will raise in a future error of pandas. Value '[0.12012106 0.12012106 0.12012106 0.12012106 0.12012106 0.12012106]' has dtype incompatible with int64, please explicitly cast to a compatible dtype first.
  out.loc[:, cols] = scaler.transform(out[cols])
/mnt/c/Users/PS/workspace/Entity-Aware-Machine-Learning-for-PAH-Soil-Adsorption/src/preprocessing.py:38: FutureWarning: Setting an item of incompatible dtype is deprecated and will raise in a future error of pandas. Value '[0.06369393 0.06369393 0.06369393 ... 0.06369393 0.06369393 0.06369393]' has dtype incompatible with int64, please explicitly cast to a compatible dtype first.
  out.loc[:, cols] = scaler.transform(out[cols])
/mnt/c/Users/PS/workspace/Entity-Aware-Machine-Learning-for-PAH-Soil-Adsorption/src/preprocessing.py:38: FutureWarning: Setting an item of incompatible dtype is deprecated and will raise in a future error of pandas. Value '[-2.40775085 -2.40775085 -2.40775085 -2.40775085 -2.40775085 -2.40775085
 -2.40775085 -2.40775085 -2.40775085 -2.40775085 -2.40775085 -2.40775085
 -2.40775085 -2.40775085 -2.40775085 -2.40775085 -2.40775085 -2.40775085
 -2.40775085 -2.40775085 -2.40775085 -2.40775085 -2.40775085 -2.40775085
 -2.40775085 -2.40775085 -2.40775085 -2.40775085 -2.40775085 -2.40775085
 -2.40775085 -2.40775085 -2.40775085 -2.40775085 -2.40775085 -2.40775085
 -2.40775085]' has dtype incompatible with int64, please explicitly cast to a compatible dtype first.
  out.loc[:, cols] = scaler.transform(out[cols])
/mnt/c/Users/PS/workspace/Entity-Aware-Machine-Learning-for-PAH-Soil-Adsorption/src/preprocessing.py:38: FutureWarning: Setting an item of incompatible dtype is deprecated and will raise in a future error of pandas. Value '[0.11869397 0.11869397 0.11869397 ... 0.11869397 0.11869397 0.11869397]' has dtype incompatible with int64, please explicitly cast to a compatible dtype first.
  out.loc[:, cols] = scaler.transform(out[cols])
/mnt/c/Users/PS/workspace/Entity-Aware-Machine-Learning-for-PAH-Soil-Adsorption/src/preprocessing.py:38: FutureWarning: Setting an item of incompatible dtype is deprecated and will raise in a future error of pandas. Value '[-0.50298366 -0.50298366 -0.50298366]' has dtype incompatible with int64, please explicitly cast to a compatible dtype first.
  out.loc[:, cols] = scaler.transform(out[cols])
/mnt/c/Users/PS/workspace/Entity-Aware-Machine-Learning-for-PAH-Soil-Adsorption/src/preprocessing.py:38: FutureWarning: Setting an item of incompatible dtype is deprecated and will raise in a future error of pandas. Value '[0.12069002 0.12069002 0.12069002 ... 0.12069002 0.12069002 0.12069002]' has dtype incompatible with int64, please explicitly cast to a compatible dtype first.
  out.loc[:, cols] = scaler.transform(out[cols])
/mnt/c/Users/PS/workspace/Entity-Aware-Machine-Learning-for-PAH-Soil-Adsorption/src/preprocessing.py:38: FutureWarning: Setting an item of incompatible dtype is deprecated and will raise in a future error of pandas. Value '[0.12069002 0.12069002 0.12069002 0.12069002 0.12069002 0.12069002
 0.12069002 0.12069002 0.12069002 0.12069002 0.12069002 0.12069002
 0.12069002 0.12069002 0.12069002 0.12069002 0.12069002 0.12069002
 0.12069002]' has dtype incompatible with int64, please explicitly cast to a compatible dtype first.
  out.loc[:, cols] = scaler.transform(out[cols])
/mnt/c/Users/PS/workspace/Entity-Aware-Machine-Learning-for-PAH-Soil-Adsorption/src/preprocessing.py:38: FutureWarning: Setting an item of incompatible dtype is deprecated and will raise in a future error of pandas. Value '[0.12016454 0.12016454 0.12016454 ... 0.12016454 0.12016454 0.12016454]' has dtype incompatible with int64, please explicitly cast to a compatible dtype first.
  out.loc[:, cols] = scaler.transform(out[cols])
/mnt/c/Users/PS/workspace/Entity-Aware-Machine-Learning-for-PAH-Soil-Adsorption/src/preprocessing.py:38: FutureWarning: Setting an item of incompatible dtype is deprecated and will raise in a future error of pandas. Value '[0.12016454 0.12016454 0.12016454 0.12016454 0.12016454 0.12016454
 0.12016454]' has dtype incompatible with int64, please explicitly cast to a compatible dtype first.
  out.loc[:, cols] = scaler.transform(out[cols])
/mnt/c/Users/PS/workspace/Entity-Aware-Machine-Learning-for-PAH-Soil-Adsorption/src/preprocessing.py:38: FutureWarning: Setting an item of incompatible dtype is deprecated and will raise in a future error of pandas. Value '[0.12016454 0.12016454 0.12016454 ... 0.12016454 0.12016454 0.12016454]' has dtype incompatible with int64, please explicitly cast to a compatible dtype first.
  out.loc[:, cols] = scaler.transform(out[cols])
/mnt/c/Users/PS/workspace/Entity-Aware-Machine-Learning-for-PAH-Soil-Adsorption/src/preprocessing.py:38: FutureWarning: Setting an item of incompatible dtype is deprecated and will raise in a future error of pandas. Value '[0.12016454 0.12016454 0.12016454 0.12016454 0.12016454 0.12016454
 0.12016454]' has dtype incompatible with int64, please explicitly cast to a compatible dtype first.
  out.loc[:, cols] = scaler.transform(out[cols])
/mnt/c/Users/PS/workspace/Entity-Aware-Machine-Learning-for-PAH-Soil-Adsorption/src/preprocessing.py:38: FutureWarning: Setting an item of incompatible dtype is deprecated and will raise in a future error of pandas. Value '[0.12016454 0.12016454 0.12016454 ... 0.12016454 0.12016454 0.12016454]' has dtype incompatible with int64, please explicitly cast to a compatible dtype first.
  out.loc[:, cols] = scaler.transform(out[cols])
/mnt/c/Users/PS/workspace/Entity-Aware-Machine-Learning-for-PAH-Soil-Adsorption/src/preprocessing.py:38: FutureWarning: Setting an item of incompatible dtype is deprecated and will raise in a future error of pandas. Value '[0.12016454 0.12016454 0.12016454 0.12016454 0.12016454 0.12016454
 0.12016454]' has dtype incompatible with int64, please explicitly cast to a compatible dtype first.
  out.loc[:, cols] = scaler.transform(out[cols])
/mnt/c/Users/PS/workspace/Entity-Aware-Machine-Learning-for-PAH-Soil-Adsorption/src/preprocessing.py:38: FutureWarning: Setting an item of incompatible dtype is deprecated and will raise in a future error of pandas. Value '[0.12007762 0.12007762 0.12007762 ... 0.12007762 0.12007762 0.12007762]' has dtype incompatible with int64, please explicitly cast to a compatible dtype first.
  out.loc[:, cols] = scaler.transform(out[cols])
/mnt/c/Users/PS/workspace/Entity-Aware-Machine-Learning-for-PAH-Soil-Adsorption/src/preprocessing.py:38: FutureWarning: Setting an item of incompatible dtype is deprecated and will raise in a future error of pandas. Value '[0.12007762 0.12007762 0.12007762 0.12007762 0.12007762]' has dtype incompatible with int64, please explicitly cast to a compatible dtype first.
  out.loc[:, cols] = scaler.transform(out[cols])
/mnt/c/Users/PS/workspace/Entity-Aware-Machine-Learning-for-PAH-Soil-Adsorption/src/preprocessing.py:38: FutureWarning: Setting an item of incompatible dtype is deprecated and will raise in a future error of pandas. Value '[0.12016454 0.12016454 0.12016454 ... 0.12016454 0.12016454 0.12016454]' has dtype incompatible with int64, please explicitly cast to a compatible dtype first.
  out.loc[:, cols] = scaler.transform(out[cols])
/mnt/c/Users/PS/workspace/Entity-Aware-Machine-Learning-for-PAH-Soil-Adsorption/src/preprocessing.py:38: FutureWarning: Setting an item of incompatible dtype is deprecated and will raise in a future error of pandas. Value '[0.12016454 0.12016454 0.12016454 0.12016454 0.12016454 0.12016454
 0.12016454]' has dtype incompatible with int64, please explicitly cast to a compatible dtype first.
  out.loc[:, cols] = scaler.transform(out[cols])
/mnt/c/Users/PS/workspace/Entity-Aware-Machine-Learning-for-PAH-Soil-Adsorption/src/preprocessing.py:38: FutureWarning: Setting an item of incompatible dtype is deprecated and will raise in a future error of pandas. Value '[0.13965213 0.13965213 0.13965213 ... 0.13965213 0.13965213 0.13965213]' has dtype incompatible with int64, please explicitly cast to a compatible dtype first.
  out.loc[:, cols] = scaler.transform(out[cols])
/mnt/c/Users/PS/workspace/Entity-Aware-Machine-Learning-for-PAH-Soil-Adsorption/src/preprocessing.py:38: FutureWarning: Setting an item of incompatible dtype is deprecated and will raise in a future error of pandas. Value '[0.13965213 0.13965213 0.13965213 0.13965213 0.13965213 0.13965213
 3.32030055 3.32030055 3.32030055 3.32030055 3.32030055 3.32030055
 3.32030055]' has dtype incompatible with int64, please explicitly cast to a compatible dtype first.
  out.loc[:, cols] = scaler.transform(out[cols])
/mnt/c/Users/PS/workspace/Entity-Aware-Machine-Learning-for-PAH-Soil-Adsorption/src/preprocessing.py:38: FutureWarning: Setting an item of incompatible dtype is deprecated and will raise in a future error of pandas. Value '[0.13456473 0.13456473 0.13456473 ... 0.13456473 0.13456473 0.13456473]' has dtype incompatible with int64, please explicitly cast to a compatible dtype first.
  out.loc[:, cols] = scaler.transform(out[cols])
/mnt/c/Users/PS/workspace/Entity-Aware-Machine-Learning-for-PAH-Soil-Adsorption/src/preprocessing.py:38: FutureWarning: Setting an item of incompatible dtype is deprecated and will raise in a future error of pandas. Value '[0.91111534 0.91111534 0.91111534 0.91111534 0.91111534 0.91111534
 0.91111534 0.91111534 0.91111534 0.91111534 0.91111534 0.91111534
 0.91111534 0.91111534 0.91111534 0.91111534 0.91111534 0.91111534
 0.91111534 0.91111534 0.91111534 0.91111534 0.91111534]' has dtype incompatible with int64, please explicitly cast to a compatible dtype first.
  out.loc[:, cols] = scaler.transform(out[cols])
/mnt/c/Users/PS/workspace/Entity-Aware-Machine-Learning-for-PAH-Soil-Adsorption/src/preprocessing.py:38: FutureWarning: Setting an item of incompatible dtype is deprecated and will raise in a future error of pandas. Value '[0.1199909 0.1199909 0.1199909 ... 0.1199909 0.1199909 0.1199909]' has dtype incompatible with int64, please explicitly cast to a compatible dtype first.
  out.loc[:, cols] = scaler.transform(out[cols])
/mnt/c/Users/PS/workspace/Entity-Aware-Machine-Learning-for-PAH-Soil-Adsorption/src/preprocessing.py:38: FutureWarning: Setting an item of incompatible dtype is deprecated and will raise in a future error of pandas. Value '[0.1199909 0.1199909 0.1199909]' has dtype incompatible with int64, please explicitly cast to a compatible dtype first.
  out.loc[:, cols] = scaler.transform(out[cols])
/mnt/c/Users/PS/workspace/Entity-Aware-Machine-Learning-for-PAH-Soil-Adsorption/src/preprocessing.py:38: FutureWarning: Setting an item of incompatible dtype is deprecated and will raise in a future error of pandas. Value '[0.12007762 0.12007762 0.12007762 ... 0.12007762 0.12007762 0.12007762]' has dtype incompatible with int64, please explicitly cast to a compatible dtype first.
  out.loc[:, cols] = scaler.transform(out[cols])
/mnt/c/Users/PS/workspace/Entity-Aware-Machine-Learning-for-PAH-Soil-Adsorption/src/preprocessing.py:38: FutureWarning: Setting an item of incompatible dtype is deprecated and will raise in a future error of pandas. Value '[0.12007762 0.12007762 0.12007762 0.12007762 0.12007762]' has dtype incompatible with int64, please explicitly cast to a compatible dtype first.
  out.loc[:, cols] = scaler.transform(out[cols])
/mnt/c/Users/PS/workspace/Entity-Aware-Machine-Learning-for-PAH-Soil-Adsorption/src/preprocessing.py:38: FutureWarning: Setting an item of incompatible dtype is deprecated and will raise in a future error of pandas. Value '[0.12012106 0.12012106 0.12012106 ... 0.12012106 0.12012106 0.12012106]' has dtype incompatible with int64, please explicitly cast to a compatible dtype first.
  out.loc[:, cols] = scaler.transform(out[cols])
/mnt/c/Users/PS/workspace/Entity-Aware-Machine-Learning-for-PAH-Soil-Adsorption/src/preprocessing.py:38: FutureWarning: Setting an item of incompatible dtype is deprecated and will raise in a future error of pandas. Value '[0.12012106 0.12012106 0.12012106 0.12012106 0.12012106 0.12012106]' has dtype incompatible with int64, please explicitly cast to a compatible dtype first.
  out.loc[:, cols] = scaler.transform(out[cols])
/mnt/c/Users/PS/workspace/Entity-Aware-Machine-Learning-for-PAH-Soil-Adsorption/src/preprocessing.py:38: FutureWarning: Setting an item of incompatible dtype is deprecated and will raise in a future error of pandas. Value '[0.12016454 0.12016454 0.12016454 ... 0.12016454 0.12016454 0.12016454]' has dtype incompatible with int64, please explicitly cast to a compatible dtype first.
  out.loc[:, cols] = scaler.transform(out[cols])
/mnt/c/Users/PS/workspace/Entity-Aware-Machine-Learning-for-PAH-Soil-Adsorption/src/preprocessing.py:38: FutureWarning: Setting an item of incompatible dtype is deprecated and will raise in a future error of pandas. Value '[0.12016454 0.12016454 0.12016454 0.12016454 0.12016454 0.12016454
 0.12016454]' has dtype incompatible with int64, please explicitly cast to a compatible dtype first.
  out.loc[:, cols] = scaler.transform(out[cols])
/mnt/c/Users/PS/workspace/Entity-Aware-Machine-Learning-for-PAH-Soil-Adsorption/src/preprocessing.py:38: FutureWarning: Setting an item of incompatible dtype is deprecated and will raise in a future error of pandas. Value '[0.11393064 0.11393064 0.11393064 ... 0.11393064 0.11393064 0.11393064]' has dtype incompatible with int64, please explicitly cast to a compatible dtype first.
  out.loc[:, cols] = scaler.transform(out[cols])
/mnt/c/Users/PS/workspace/Entity-Aware-Machine-Learning-for-PAH-Soil-Adsorption/src/preprocessing.py:38: FutureWarning: Setting an item of incompatible dtype is deprecated and will raise in a future error of pandas. Value '[-0.66190924 -0.66190924 -0.66190924 -0.66190924 -0.66190924 -0.66190924
 -0.66190924 -0.66190924 -0.66190924 -0.66190924 -0.66190924 -0.66190924]' has dtype incompatible with int64, please explicitly cast to a compatible dtype first.
  out.loc[:, cols] = scaler.transform(out[cols])
/mnt/c/Users/PS/workspace/Entity-Aware-Machine-Learning-for-PAH-Soil-Adsorption/src/preprocessing.py:38: FutureWarning: Setting an item of incompatible dtype is deprecated and will raise in a future error of pandas. Value '[0.13683378 0.13683378 0.13683378 ... 0.13683378 0.13683378 0.13683378]' has dtype incompatible with int64, please explicitly cast to a compatible dtype first.
  out.loc[:, cols] = scaler.transform(out[cols])
/mnt/c/Users/PS/workspace/Entity-Aware-Machine-Learning-for-PAH-Soil-Adsorption/src/preprocessing.py:38: FutureWarning: Setting an item of incompatible dtype is deprecated and will raise in a future error of pandas. Value '[0.13683378 0.13683378 0.13683378 0.13683378 0.13683378 0.13683378
 0.13683378 3.30501835 3.30501835 3.30501835 3.30501835 3.30501835
 3.30501835]' has dtype incompatible with int64, please explicitly cast to a compatible dtype first.
  out.loc[:, cols] = scaler.transform(out[cols])
/mnt/c/Users/PS/workspace/Entity-Aware-Machine-Learning-for-PAH-Soil-Adsorption/src/preprocessing.py:38: FutureWarning: Setting an item of incompatible dtype is deprecated and will raise in a future error of pandas. Value '[0.12012106 0.12012106 0.12012106 ... 0.12012106 0.12012106 0.12012106]' has dtype incompatible with int64, please explicitly cast to a compatible dtype first.
  out.loc[:, cols] = scaler.transform(out[cols])
/mnt/c/Users/PS/workspace/Entity-Aware-Machine-Learning-for-PAH-Soil-Adsorption/src/preprocessing.py:38: FutureWarning: Setting an item of incompatible dtype is deprecated and will raise in a future error of pandas. Value '[0.12012106 0.12012106 0.12012106 0.12012106 0.12012106 0.12012106]' has dtype incompatible with int64, please explicitly cast to a compatible dtype first.
  out.loc[:, cols] = scaler.transform(out[cols])
/mnt/c/Users/PS/workspace/Entity-Aware-Machine-Learning-for-PAH-Soil-Adsorption/src/preprocessing.py:38: FutureWarning: Setting an item of incompatible dtype is deprecated and will raise in a future error of pandas. Value '[0.11595915 0.11595915 0.11595915 ... 0.11595915 0.11595915 0.11595915]' has dtype incompatible with int64, please explicitly cast to a compatible dtype first.
  out.loc[:, cols] = scaler.transform(out[cols])
/mnt/c/Users/PS/workspace/Entity-Aware-Machine-Learning-for-PAH-Soil-Adsorption/src/preprocessing.py:38: FutureWarning: Setting an item of incompatible dtype is deprecated and will raise in a future error of pandas. Value '[-0.50456103 -0.50456103 -0.50456103 -0.50456103 -0.50456103 -0.50456103
 -0.50456103 -0.50456103 -0.50456103 -0.50456103]' has dtype incompatible with int64, please explicitly cast to a compatible dtype first.
  out.loc[:, cols] = scaler.transform(out[cols])
/mnt/c/Users/PS/workspace/Entity-Aware-Machine-Learning-for-PAH-Soil-Adsorption/src/preprocessing.py:38: FutureWarning: Setting an item of incompatible dtype is deprecated and will raise in a future error of pandas. Value '[0.12020807 0.12020807 0.12020807 ... 0.12020807 0.12020807 0.12020807]' has dtype incompatible with int64, please explicitly cast to a compatible dtype first.
  out.loc[:, cols] = scaler.transform(out[cols])
/mnt/c/Users/PS/workspace/Entity-Aware-Machine-Learning-for-PAH-Soil-Adsorption/src/preprocessing.py:38: FutureWarning: Setting an item of incompatible dtype is deprecated and will raise in a future error of pandas. Value '[0.12020807 0.12020807 0.12020807 0.12020807 0.12020807 0.12020807
 0.12020807 0.12020807]' has dtype incompatible with int64, please explicitly cast to a compatible dtype first.
  out.loc[:, cols] = scaler.transform(out[cols])
/mnt/c/Users/PS/workspace/Entity-Aware-Machine-Learning-for-PAH-Soil-Adsorption/src/preprocessing.py:38: FutureWarning: Setting an item of incompatible dtype is deprecated and will raise in a future error of pandas. Value '[0.12007762 0.12007762 0.12007762 ... 0.12007762 0.12007762 0.12007762]' has dtype incompatible with int64, please explicitly cast to a compatible dtype first.
  out.loc[:, cols] = scaler.transform(out[cols])
/mnt/c/Users/PS/workspace/Entity-Aware-Machine-Learning-for-PAH-Soil-Adsorption/src/preprocessing.py:38: FutureWarning: Setting an item of incompatible dtype is deprecated and will raise in a future error of pandas. Value '[0.12007762 0.12007762 0.12007762 0.12007762 0.12007762]' has dtype incompatible with int64, please explicitly cast to a compatible dtype first.
  out.loc[:, cols] = scaler.transform(out[cols])
/mnt/c/Users/PS/workspace/Entity-Aware-Machine-Learning-for-PAH-Soil-Adsorption/src/preprocessing.py:38: FutureWarning: Setting an item of incompatible dtype is deprecated and will raise in a future error of pandas. Value '[0.12025164 0.12025164 0.12025164 ... 0.12025164 0.12025164 0.12025164]' has dtype incompatible with int64, please explicitly cast to a compatible dtype first.
  out.loc[:, cols] = scaler.transform(out[cols])
/mnt/c/Users/PS/workspace/Entity-Aware-Machine-Learning-for-PAH-Soil-Adsorption/src/preprocessing.py:38: FutureWarning: Setting an item of incompatible dtype is deprecated and will raise in a future error of pandas. Value '[0.12025164 0.12025164 0.12025164 0.12025164 0.12025164 0.12025164
 0.12025164 0.12025164 0.12025164]' has dtype incompatible with int64, please explicitly cast to a compatible dtype first.
  out.loc[:, cols] = scaler.transform(out[cols])
/mnt/c/Users/PS/workspace/Entity-Aware-Machine-Learning-for-PAH-Soil-Adsorption/src/preprocessing.py:38: FutureWarning: Setting an item of incompatible dtype is deprecated and will raise in a future error of pandas. Value '[0.12047023 0.12047023 0.12047023 ... 0.12047023 0.12047023 0.12047023]' has dtype incompatible with int64, please explicitly cast to a compatible dtype first.
  out.loc[:, cols] = scaler.transform(out[cols])
/mnt/c/Users/PS/workspace/Entity-Aware-Machine-Learning-for-PAH-Soil-Adsorption/src/preprocessing.py:38: FutureWarning: Setting an item of incompatible dtype is deprecated and will raise in a future error of pandas. Value '[0.12047023 0.12047023 0.12047023 0.12047023 0.12047023 0.12047023
 0.12047023 0.12047023 0.12047023 0.12047023 0.12047023 0.12047023
 0.12047023 0.12047023]' has dtype incompatible with int64, please explicitly cast to a compatible dtype first.
  out.loc[:, cols] = scaler.transform(out[cols])
/mnt/c/Users/PS/workspace/Entity-Aware-Machine-Learning-for-PAH-Soil-Adsorption/src/preprocessing.py:38: FutureWarning: Setting an item of incompatible dtype is deprecated and will raise in a future error of pandas. Value '[0.12117782 0.12117782 0.12117782 ... 0.12117782 0.12117782 0.12117782]' has dtype incompatible with int64, please explicitly cast to a compatible dtype first.
  out.loc[:, cols] = scaler.transform(out[cols])
/mnt/c/Users/PS/workspace/Entity-Aware-Machine-Learning-for-PAH-Soil-Adsorption/src/preprocessing.py:38: FutureWarning: Setting an item of incompatible dtype is deprecated and will raise in a future error of pandas. Value '[0.12117782 0.12117782 0.12117782 0.12117782 0.12117782 0.12117782
 0.12117782 0.12117782 0.12117782 0.12117782 0.12117782 0.12117782
 0.12117782 0.12117782 0.12117782 0.12117782 0.12117782 0.12117782
 0.12117782 0.12117782 0.12117782 0.12117782 0.12117782 0.12117782
 0.12117782 0.12117782 0.12117782 0.12117782 0.12117782 0.12117782]' has dtype incompatible with int64, please explicitly cast to a compatible dtype first.
  out.loc[:, cols] = scaler.transform(out[cols])
/mnt/c/Users/PS/workspace/Entity-Aware-Machine-Learning-for-PAH-Soil-Adsorption/src/preprocessing.py:38: FutureWarning: Setting an item of incompatible dtype is deprecated and will raise in a future error of pandas. Value '[0.11838493 0.11838493 0.11838493 ... 0.11838493 0.11838493 0.11838493]' has dtype incompatible with int64, please explicitly cast to a compatible dtype first.
  out.loc[:, cols] = scaler.transform(out[cols])
/mnt/c/Users/PS/workspace/Entity-Aware-Machine-Learning-for-PAH-Soil-Adsorption/src/preprocessing.py:38: FutureWarning: Setting an item of incompatible dtype is deprecated and will raise in a future error of pandas. Value '[-0.65886194 -0.65886194 -0.65886194]' has dtype incompatible with int64, please explicitly cast to a compatible dtype first.
  out.loc[:, cols] = scaler.transform(out[cols])
/mnt/c/Users/PS/workspace/Entity-Aware-Machine-Learning-for-PAH-Soil-Adsorption/src/preprocessing.py:38: FutureWarning: Setting an item of incompatible dtype is deprecated and will raise in a future error of pandas. Value '[0.13970318 0.13970318 0.13970318 ... 0.13970318 0.13970318 0.13970318]' has dtype incompatible with int64, please explicitly cast to a compatible dtype first.
  out.loc[:, cols] = scaler.transform(out[cols])
/mnt/c/Users/PS/workspace/Entity-Aware-Machine-Learning-for-PAH-Soil-Adsorption/src/preprocessing.py:38: FutureWarning: Setting an item of incompatible dtype is deprecated and will raise in a future error of pandas. Value '[0.13970318 0.13970318 0.13970318 0.13970318 0.13970318 0.13970318
 0.13970318 3.31923363 3.31923363 3.31923363 3.31923363 3.31923363
 3.31923363 3.31923363]' has dtype incompatible with int64, please explicitly cast to a compatible dtype first.
  out.loc[:, cols] = scaler.transform(out[cols])
/mnt/c/Users/PS/workspace/Entity-Aware-Machine-Learning-for-PAH-Soil-Adsorption/src/preprocessing.py:38: FutureWarning: Setting an item of incompatible dtype is deprecated and will raise in a future error of pandas. Value '[0.12077827 0.12077827 0.12077827 ... 0.12077827 0.12077827 0.12077827]' has dtype incompatible with int64, please explicitly cast to a compatible dtype first.
  out.loc[:, cols] = scaler.transform(out[cols])
/mnt/c/Users/PS/workspace/Entity-Aware-Machine-Learning-for-PAH-Soil-Adsorption/src/preprocessing.py:38: FutureWarning: Setting an item of incompatible dtype is deprecated and will raise in a future error of pandas. Value '[0.12077827 0.12077827 0.12077827 0.12077827 0.12077827 0.12077827
 0.12077827 0.12077827 0.12077827 0.12077827 0.12077827 0.12077827
 0.12077827 0.12077827 0.12077827 0.12077827 0.12077827 0.12077827
 0.12077827 0.12077827 0.12077827]' has dtype incompatible with int64, please explicitly cast to a compatible dtype first.
  out.loc[:, cols] = scaler.transform(out[cols])
/mnt/c/Users/PS/workspace/Entity-Aware-Machine-Learning-for-PAH-Soil-Adsorption/src/preprocessing.py:38: FutureWarning: Setting an item of incompatible dtype is deprecated and will raise in a future error of pandas. Value '[0.12029526 0.12029526 0.12029526 ... 0.12029526 0.12029526 0.12029526]' has dtype incompatible with int64, please explicitly cast to a compatible dtype first.
  out.loc[:, cols] = scaler.transform(out[cols])
/mnt/c/Users/PS/workspace/Entity-Aware-Machine-Learning-for-PAH-Soil-Adsorption/src/preprocessing.py:38: FutureWarning: Setting an item of incompatible dtype is deprecated and will raise in a future error of pandas. Value '[0.12029526 0.12029526 0.12029526 0.12029526 0.12029526 0.12029526
 0.12029526 0.12029526 0.12029526 0.12029526]' has dtype incompatible with int64, please explicitly cast to a compatible dtype first.
  out.loc[:, cols] = scaler.transform(out[cols])
/mnt/c/Users/PS/workspace/Entity-Aware-Machine-Learning-for-PAH-Soil-Adsorption/src/preprocessing.py:38: FutureWarning: Setting an item of incompatible dtype is deprecated and will raise in a future error of pandas. Value '[0.12029526 0.12029526 0.12029526 ... 0.12029526 0.12029526 0.12029526]' has dtype incompatible with int64, please explicitly cast to a compatible dtype first.
  out.loc[:, cols] = scaler.transform(out[cols])
/mnt/c/Users/PS/workspace/Entity-Aware-Machine-Learning-for-PAH-Soil-Adsorption/src/preprocessing.py:38: FutureWarning: Setting an item of incompatible dtype is deprecated and will raise in a future error of pandas. Value '[0.12029526 0.12029526 0.12029526 0.12029526 0.12029526 0.12029526
 0.12029526 0.12029526 0.12029526 0.12029526]' has dtype incompatible with int64, please explicitly cast to a compatible dtype first.
  out.loc[:, cols] = scaler.transform(out[cols])
/mnt/c/Users/PS/workspace/Entity-Aware-Machine-Learning-for-PAH-Soil-Adsorption/src/preprocessing.py:38: FutureWarning: Setting an item of incompatible dtype is deprecated and will raise in a future error of pandas. Value '[0.12029526 0.12029526 0.12029526 ... 0.12029526 0.12029526 0.12029526]' has dtype incompatible with int64, please explicitly cast to a compatible dtype first.
  out.loc[:, cols] = scaler.transform(out[cols])
/mnt/c/Users/PS/workspace/Entity-Aware-Machine-Learning-for-PAH-Soil-Adsorption/src/preprocessing.py:38: FutureWarning: Setting an item of incompatible dtype is deprecated and will raise in a future error of pandas. Value '[0.12029526 0.12029526 0.12029526 0.12029526 0.12029526 0.12029526
 0.12029526 0.12029526 0.12029526 0.12029526]' has dtype incompatible with int64, please explicitly cast to a compatible dtype first.
  out.loc[:, cols] = scaler.transform(out[cols])
/mnt/c/Users/PS/workspace/Entity-Aware-Machine-Learning-for-PAH-Soil-Adsorption/src/preprocessing.py:38: FutureWarning: Setting an item of incompatible dtype is deprecated and will raise in a future error of pandas. Value '[0.12012106 0.12012106 0.12012106 ... 0.12012106 0.12012106 0.12012106]' has dtype incompatible with int64, please explicitly cast to a compatible dtype first.
  out.loc[:, cols] = scaler.transform(out[cols])
/mnt/c/Users/PS/workspace/Entity-Aware-Machine-Learning-for-PAH-Soil-Adsorption/src/preprocessing.py:38: FutureWarning: Setting an item of incompatible dtype is deprecated and will raise in a future error of pandas. Value '[0.12012106 0.12012106 0.12012106 0.12012106 0.12012106 0.12012106]' has dtype incompatible with int64, please explicitly cast to a compatible dtype first.
  out.loc[:, cols] = scaler.transform(out[cols])
/mnt/c/Users/PS/workspace/Entity-Aware-Machine-Learning-for-PAH-Soil-Adsorption/src/preprocessing.py:38: FutureWarning: Setting an item of incompatible dtype is deprecated and will raise in a future error of pandas. Value '[0.12016454 0.12016454 0.12016454 ... 0.12016454 0.12016454 0.12016454]' has dtype incompatible with int64, please explicitly cast to a compatible dtype first.
  out.loc[:, cols] = scaler.transform(out[cols])
/mnt/c/Users/PS/workspace/Entity-Aware-Machine-Learning-for-PAH-Soil-Adsorption/src/preprocessing.py:38: FutureWarning: Setting an item of incompatible dtype is deprecated and will raise in a future error of pandas. Value '[0.12016454 0.12016454 0.12016454 0.12016454 0.12016454 0.12016454
 0.12016454]' has dtype incompatible with int64, please explicitly cast to a compatible dtype first.
  out.loc[:, cols] = scaler.transform(out[cols])
/mnt/c/Users/PS/workspace/Entity-Aware-Machine-Learning-for-PAH-Soil-Adsorption/src/preprocessing.py:38: FutureWarning: Setting an item of incompatible dtype is deprecated and will raise in a future error of pandas. Value '[0.12029526 0.12029526 0.12029526 ... 0.12029526 0.12029526 0.12029526]' has dtype incompatible with int64, please explicitly cast to a compatible dtype first.
  out.loc[:, cols] = scaler.transform(out[cols])
/mnt/c/Users/PS/workspace/Entity-Aware-Machine-Learning-for-PAH-Soil-Adsorption/src/preprocessing.py:38: FutureWarning: Setting an item of incompatible dtype is deprecated and will raise in a future error of pandas. Value '[0.12029526 0.12029526 0.12029526 0.12029526 0.12029526 0.12029526
 0.12029526 0.12029526 0.12029526 0.12029526]' has dtype incompatible with int64, please explicitly cast to a compatible dtype first.
  out.loc[:, cols] = scaler.transform(out[cols])
/mnt/c/Users/PS/workspace/Entity-Aware-Machine-Learning-for-PAH-Soil-Adsorption/src/preprocessing.py:38: FutureWarning: Setting an item of incompatible dtype is deprecated and will raise in a future error of pandas. Value '[0.12016454 0.12016454 0.12016454 ... 0.12016454 0.12016454 0.12016454]' has dtype incompatible with int64, please explicitly cast to a compatible dtype first.
  out.loc[:, cols] = scaler.transform(out[cols])
/mnt/c/Users/PS/workspace/Entity-Aware-Machine-Learning-for-PAH-Soil-Adsorption/src/preprocessing.py:38: FutureWarning: Setting an item of incompatible dtype is deprecated and will raise in a future error of pandas. Value '[0.12016454 0.12016454 0.12016454 0.12016454 0.12016454 0.12016454
 0.12016454]' has dtype incompatible with int64, please explicitly cast to a compatible dtype first.
  out.loc[:, cols] = scaler.transform(out[cols])
/mnt/c/Users/PS/workspace/Entity-Aware-Machine-Learning-for-PAH-Soil-Adsorption/src/preprocessing.py:38: FutureWarning: Setting an item of incompatible dtype is deprecated and will raise in a future error of pandas. Value '[0.11393064 0.11393064 0.11393064 ... 0.11393064 0.11393064 0.11393064]' has dtype incompatible with int64, please explicitly cast to a compatible dtype first.
  out.loc[:, cols] = scaler.transform(out[cols])
/mnt/c/Users/PS/workspace/Entity-Aware-Machine-Learning-for-PAH-Soil-Adsorption/src/preprocessing.py:38: FutureWarning: Setting an item of incompatible dtype is deprecated and will raise in a future error of pandas. Value '[-0.66190924 -0.66190924 -0.66190924 -0.66190924 -0.66190924 -0.66190924
 -0.66190924 -0.66190924 -0.66190924 -0.66190924 -0.66190924 -0.66190924]' has dtype incompatible with int64, please explicitly cast to a compatible dtype first.
  out.loc[:, cols] = scaler.transform(out[cols])
/mnt/c/Users/PS/workspace/Entity-Aware-Machine-Learning-for-PAH-Soil-Adsorption/src/preprocessing.py:38: FutureWarning: Setting an item of incompatible dtype is deprecated and will raise in a future error of pandas. Value '[0.13683378 0.13683378 0.13683378 ... 0.13683378 0.13683378 0.13683378]' has dtype incompatible with int64, please explicitly cast to a compatible dtype first.
  out.loc[:, cols] = scaler.transform(out[cols])
/mnt/c/Users/PS/workspace/Entity-Aware-Machine-Learning-for-PAH-Soil-Adsorption/src/preprocessing.py:38: FutureWarning: Setting an item of incompatible dtype is deprecated and will raise in a future error of pandas. Value '[0.13683378 0.13683378 0.13683378 0.13683378 0.13683378 0.13683378
 0.13683378 3.30501835 3.30501835 3.30501835 3.30501835 3.30501835
 3.30501835]' has dtype incompatible with int64, please explicitly cast to a compatible dtype first.
  out.loc[:, cols] = scaler.transform(out[cols])
/mnt/c/Users/PS/workspace/Entity-Aware-Machine-Learning-for-PAH-Soil-Adsorption/src/preprocessing.py:38: FutureWarning: Setting an item of incompatible dtype is deprecated and will raise in a future error of pandas. Value '[0.12012106 0.12012106 0.12012106 ... 0.12012106 0.12012106 0.12012106]' has dtype incompatible with int64, please explicitly cast to a compatible dtype first.
  out.loc[:, cols] = scaler.transform(out[cols])
/mnt/c/Users/PS/workspace/Entity-Aware-Machine-Learning-for-PAH-Soil-Adsorption/src/preprocessing.py:38: FutureWarning: Setting an item of incompatible dtype is deprecated and will raise in a future error of pandas. Value '[0.12012106 0.12012106 0.12012106 0.12012106 0.12012106 0.12012106]' has dtype incompatible with int64, please explicitly cast to a compatible dtype first.
  out.loc[:, cols] = scaler.transform(out[cols])
/mnt/c/Users/PS/workspace/Entity-Aware-Machine-Learning-for-PAH-Soil-Adsorption/src/preprocessing.py:38: FutureWarning: Setting an item of incompatible dtype is deprecated and will raise in a future error of pandas. Value '[0.12012106 0.12012106 0.12012106 ... 0.12012106 0.12012106 0.12012106]' has dtype incompatible with int64, please explicitly cast to a compatible dtype first.
  out.loc[:, cols] = scaler.transform(out[cols])
/mnt/c/Users/PS/workspace/Entity-Aware-Machine-Learning-for-PAH-Soil-Adsorption/src/preprocessing.py:38: FutureWarning: Setting an item of incompatible dtype is deprecated and will raise in a future error of pandas. Value '[0.12012106 0.12012106 0.12012106 0.12012106 0.12012106 0.12012106]' has dtype incompatible with int64, please explicitly cast to a compatible dtype first.
  out.loc[:, cols] = scaler.transform(out[cols])
/mnt/c/Users/PS/workspace/Entity-Aware-Machine-Learning-for-PAH-Soil-Adsorption/src/preprocessing.py:38: FutureWarning: Setting an item of incompatible dtype is deprecated and will raise in a future error of pandas. Value '[0.13326737 0.13326737 0.13326737 ... 0.13326737 0.13326737 0.13326737]' has dtype incompatible with int64, please explicitly cast to a compatible dtype first.
  out.loc[:, cols] = scaler.transform(out[cols])
/mnt/c/Users/PS/workspace/Entity-Aware-Machine-Learning-for-PAH-Soil-Adsorption/src/preprocessing.py:38: FutureWarning: Setting an item of incompatible dtype is deprecated and will raise in a future error of pandas. Value '[0.90991378 0.90991378 0.90991378 0.90991378 0.90991378 0.90991378
 0.90991378 0.90991378 0.90991378 0.90991378 0.90991378 0.90991378
 0.90991378 0.90991378 0.90991378 0.90991378 0.90991378 0.90991378
 0.90991378 0.90991378 0.90991378]' has dtype incompatible with int64, please explicitly cast to a compatible dtype first.
  out.loc[:, cols] = scaler.transform(out[cols])
/mnt/c/Users/PS/workspace/Entity-Aware-Machine-Learning-for-PAH-Soil-Adsorption/src/preprocessing.py:38: FutureWarning: Setting an item of incompatible dtype is deprecated and will raise in a future error of pandas. Value '[0.11883962 0.11883962 0.11883962 ... 0.11883962 0.11883962 0.11883962]' has dtype incompatible with int64, please explicitly cast to a compatible dtype first.
  out.loc[:, cols] = scaler.transform(out[cols])
/mnt/c/Users/PS/workspace/Entity-Aware-Machine-Learning-for-PAH-Soil-Adsorption/src/preprocessing.py:38: FutureWarning: Setting an item of incompatible dtype is deprecated and will raise in a future error of pandas. Value '[-0.03587402 -0.03587402 -0.03587402 -0.03587402 -0.03587402 -0.03587402
 -0.03587402 -0.03587402 -0.03587402 -0.03587402 -0.03587402 -0.03587402
 -0.03587402 -0.03587402 -0.03587402]' has dtype incompatible with int64, please explicitly cast to a compatible dtype first.
  out.loc[:, cols] = scaler.transform(out[cols])
/mnt/c/Users/PS/workspace/Entity-Aware-Machine-Learning-for-PAH-Soil-Adsorption/src/preprocessing.py:38: FutureWarning: Setting an item of incompatible dtype is deprecated and will raise in a future error of pandas. Value '[0.13970318 0.13970318 0.13970318 ... 0.13970318 0.13970318 0.13970318]' has dtype incompatible with int64, please explicitly cast to a compatible dtype first.
  out.loc[:, cols] = scaler.transform(out[cols])
/mnt/c/Users/PS/workspace/Entity-Aware-Machine-Learning-for-PAH-Soil-Adsorption/src/preprocessing.py:38: FutureWarning: Setting an item of incompatible dtype is deprecated and will raise in a future error of pandas. Value '[0.13970318 0.13970318 0.13970318 0.13970318 0.13970318 0.13970318
 0.13970318 3.31923363 3.31923363 3.31923363 3.31923363 3.31923363
 3.31923363 3.31923363]' has dtype incompatible with int64, please explicitly cast to a compatible dtype first.
  out.loc[:, cols] = scaler.transform(out[cols])
/mnt/c/Users/PS/workspace/Entity-Aware-Machine-Learning-for-PAH-Soil-Adsorption/src/preprocessing.py:38: FutureWarning: Setting an item of incompatible dtype is deprecated and will raise in a future error of pandas. Value '[0.07502182 0.07502182 0.07502182 ... 0.07502182 0.07502182 0.07502182]' has dtype incompatible with int64, please explicitly cast to a compatible dtype first.
  out.loc[:, cols] = scaler.transform(out[cols])
/mnt/c/Users/PS/workspace/Entity-Aware-Machine-Learning-for-PAH-Soil-Adsorption/src/preprocessing.py:38: FutureWarning: Setting an item of incompatible dtype is deprecated and will raise in a future error of pandas. Value '[-2.36702708 -2.36702708 -2.36702708 -2.36702708 -2.36702708 -2.36702708
 -2.36702708 -2.36702708 -2.36702708 -2.36702708 -2.36702708 -2.36702708
 -2.36702708 -2.36702708 -2.36702708 -2.36702708 -2.36702708 -2.36702708
 -2.36702708 -2.36702708 -2.36702708 -2.36702708 -2.36702708 -2.36702708
 -2.36702708 -2.36702708 -2.36702708 -2.36702708 -2.36702708 -2.36702708]' has dtype incompatible with int64, please explicitly cast to a compatible dtype first.
  out.loc[:, cols] = scaler.transform(out[cols])
/mnt/c/Users/PS/workspace/Entity-Aware-Machine-Learning-for-PAH-Soil-Adsorption/src/preprocessing.py:38: FutureWarning: Setting an item of incompatible dtype is deprecated and will raise in a future error of pandas. Value '[0.12016454 0.12016454 0.12016454 ... 0.12016454 0.12016454 0.12016454]' has dtype incompatible with int64, please explicitly cast to a compatible dtype first.
  out.loc[:, cols] = scaler.transform(out[cols])
/mnt/c/Users/PS/workspace/Entity-Aware-Machine-Learning-for-PAH-Soil-Adsorption/src/preprocessing.py:38: FutureWarning: Setting an item of incompatible dtype is deprecated and will raise in a future error of pandas. Value '[0.12016454 0.12016454 0.12016454 0.12016454 0.12016454 0.12016454
 0.12016454]' has dtype incompatible with int64, please explicitly cast to a compatible dtype first.
  out.loc[:, cols] = scaler.transform(out[cols])
/mnt/c/Users/PS/workspace/Entity-Aware-Machine-Learning-for-PAH-Soil-Adsorption/src/preprocessing.py:38: FutureWarning: Setting an item of incompatible dtype is deprecated and will raise in a future error of pandas. Value '[0.12012106 0.12012106 0.12012106 ... 0.12012106 0.12012106 0.12012106]' has dtype incompatible with int64, please explicitly cast to a compatible dtype first.
  out.loc[:, cols] = scaler.transform(out[cols])
/mnt/c/Users/PS/workspace/Entity-Aware-Machine-Learning-for-PAH-Soil-Adsorption/src/preprocessing.py:38: FutureWarning: Setting an item of incompatible dtype is deprecated and will raise in a future error of pandas. Value '[0.12012106 0.12012106 0.12012106 0.12012106 0.12012106 0.12012106]' has dtype incompatible with int64, please explicitly cast to a compatible dtype first.
  out.loc[:, cols] = scaler.transform(out[cols])
/mnt/c/Users/PS/workspace/Entity-Aware-Machine-Learning-for-PAH-Soil-Adsorption/src/preprocessing.py:38: FutureWarning: Setting an item of incompatible dtype is deprecated and will raise in a future error of pandas. Value '[0.12007762 0.12007762 0.12007762 ... 0.12007762 0.12007762 0.12007762]' has dtype incompatible with int64, please explicitly cast to a compatible dtype first.
  out.loc[:, cols] = scaler.transform(out[cols])
/mnt/c/Users/PS/workspace/Entity-Aware-Machine-Learning-for-PAH-Soil-Adsorption/src/preprocessing.py:38: FutureWarning: Setting an item of incompatible dtype is deprecated and will raise in a future error of pandas. Value '[0.12007762 0.12007762 0.12007762 0.12007762 0.12007762]' has dtype incompatible with int64, please explicitly cast to a compatible dtype first.
  out.loc[:, cols] = scaler.transform(out[cols])
/mnt/c/Users/PS/workspace/Entity-Aware-Machine-Learning-for-PAH-Soil-Adsorption/src/preprocessing.py:38: FutureWarning: Setting an item of incompatible dtype is deprecated and will raise in a future error of pandas. Value '[0.12060196 0.12060196 0.12060196 ... 0.12060196 0.12060196 0.12060196]' has dtype incompatible with int64, please explicitly cast to a compatible dtype first.
  out.loc[:, cols] = scaler.transform(out[cols])
/mnt/c/Users/PS/workspace/Entity-Aware-Machine-Learning-for-PAH-Soil-Adsorption/src/preprocessing.py:38: FutureWarning: Setting an item of incompatible dtype is deprecated and will raise in a future error of pandas. Value '[0.12060196 0.12060196 0.12060196 0.12060196 0.12060196 0.12060196
 0.12060196 0.12060196 0.12060196 0.12060196 0.12060196 0.12060196
 0.12060196 0.12060196 0.12060196 0.12060196 0.12060196]' has dtype incompatible with int64, please explicitly cast to a compatible dtype first.
  out.loc[:, cols] = scaler.transform(out[cols])
/mnt/c/Users/PS/workspace/Entity-Aware-Machine-Learning-for-PAH-Soil-Adsorption/src/preprocessing.py:38: FutureWarning: Setting an item of incompatible dtype is deprecated and will raise in a future error of pandas. Value '[0.12012106 0.12012106 0.12012106 ... 0.12012106 0.12012106 0.12012106]' has dtype incompatible with int64, please explicitly cast to a compatible dtype first.
  out.loc[:, cols] = scaler.transform(out[cols])
/mnt/c/Users/PS/workspace/Entity-Aware-Machine-Learning-for-PAH-Soil-Adsorption/src/preprocessing.py:38: FutureWarning: Setting an item of incompatible dtype is deprecated and will raise in a future error of pandas. Value '[0.12012106 0.12012106 0.12012106 0.12012106 0.12012106 0.12012106]' has dtype incompatible with int64, please explicitly cast to a compatible dtype first.
  out.loc[:, cols] = scaler.transform(out[cols])
/mnt/c/Users/PS/workspace/Entity-Aware-Machine-Learning-for-PAH-Soil-Adsorption/src/preprocessing.py:38: FutureWarning: Setting an item of incompatible dtype is deprecated and will raise in a future error of pandas. Value '[0.12016454 0.12016454 0.12016454 ... 0.12016454 0.12016454 0.12016454]' has dtype incompatible with int64, please explicitly cast to a compatible dtype first.
  out.loc[:, cols] = scaler.transform(out[cols])
/mnt/c/Users/PS/workspace/Entity-Aware-Machine-Learning-for-PAH-Soil-Adsorption/src/preprocessing.py:38: FutureWarning: Setting an item of incompatible dtype is deprecated and will raise in a future error of pandas. Value '[0.12016454 0.12016454 0.12016454 0.12016454 0.12016454 0.12016454
 0.12016454]' has dtype incompatible with int64, please explicitly cast to a compatible dtype first.
  out.loc[:, cols] = scaler.transform(out[cols])
/mnt/c/Users/PS/workspace/Entity-Aware-Machine-Learning-for-PAH-Soil-Adsorption/src/preprocessing.py:38: FutureWarning: Setting an item of incompatible dtype is deprecated and will raise in a future error of pandas. Value '[0.12033894 0.12033894 0.12033894 ... 0.12033894 0.12033894 0.12033894]' has dtype incompatible with int64, please explicitly cast to a compatible dtype first.
  out.loc[:, cols] = scaler.transform(out[cols])
/mnt/c/Users/PS/workspace/Entity-Aware-Machine-Learning-for-PAH-Soil-Adsorption/src/preprocessing.py:38: FutureWarning: Setting an item of incompatible dtype is deprecated and will raise in a future error of pandas. Value '[0.12033894 0.12033894 0.12033894 0.12033894 0.12033894 0.12033894
 0.12033894 0.12033894 0.12033894 0.12033894 0.12033894]' has dtype incompatible with int64, please explicitly cast to a compatible dtype first.
  out.loc[:, cols] = scaler.transform(out[cols])
/mnt/c/Users/PS/workspace/Entity-Aware-Machine-Learning-for-PAH-Soil-Adsorption/src/preprocessing.py:38: FutureWarning: Setting an item of incompatible dtype is deprecated and will raise in a future error of pandas. Value '[0.12016454 0.12016454 0.12016454 ... 0.12016454 0.12016454 0.12016454]' has dtype incompatible with int64, please explicitly cast to a compatible dtype first.
  out.loc[:, cols] = scaler.transform(out[cols])
/mnt/c/Users/PS/workspace/Entity-Aware-Machine-Learning-for-PAH-Soil-Adsorption/src/preprocessing.py:38: FutureWarning: Setting an item of incompatible dtype is deprecated and will raise in a future error of pandas. Value '[0.12016454 0.12016454 0.12016454 0.12016454 0.12016454 0.12016454
 0.12016454]' has dtype incompatible with int64, please explicitly cast to a compatible dtype first.
  out.loc[:, cols] = scaler.transform(out[cols])
/mnt/c/Users/PS/workspace/Entity-Aware-Machine-Learning-for-PAH-Soil-Adsorption/src/preprocessing.py:38: FutureWarning: Setting an item of incompatible dtype is deprecated and will raise in a future error of pandas. Value '[0.11343332 0.11343332 0.11343332 ... 0.11343332 0.11343332 0.11343332]' has dtype incompatible with int64, please explicitly cast to a compatible dtype first.
  out.loc[:, cols] = scaler.transform(out[cols])
/mnt/c/Users/PS/workspace/Entity-Aware-Machine-Learning-for-PAH-Soil-Adsorption/src/preprocessing.py:38: FutureWarning: Setting an item of incompatible dtype is deprecated and will raise in a future error of pandas. Value '[-0.66225044 -0.66225044 -0.66225044 -0.66225044 -0.66225044 -0.66225044
 -0.66225044 -0.66225044 -0.66225044 -0.66225044 -0.66225044 -0.66225044
 -0.66225044]' has dtype incompatible with int64, please explicitly cast to a compatible dtype first.
  out.loc[:, cols] = scaler.transform(out[cols])
/mnt/c/Users/PS/workspace/Entity-Aware-Machine-Learning-for-PAH-Soil-Adsorption/src/preprocessing.py:38: FutureWarning: Setting an item of incompatible dtype is deprecated and will raise in a future error of pandas. Value '[0.13717047 0.13717047 0.13717047 ... 0.13717047 0.13717047 0.13717047]' has dtype incompatible with int64, please explicitly cast to a compatible dtype first.
  out.loc[:, cols] = scaler.transform(out[cols])
/mnt/c/Users/PS/workspace/Entity-Aware-Machine-Learning-for-PAH-Soil-Adsorption/src/preprocessing.py:38: FutureWarning: Setting an item of incompatible dtype is deprecated and will raise in a future error of pandas. Value '[0.91353282 0.91353282 0.91353282 0.91353282 0.91353282 0.91353282
 0.91353282 0.91353282 0.91353282 0.91353282 0.91353282 0.91353282
 0.91353282 0.91353282 0.91353282 0.91353282 0.91353282 0.91353282
 0.91353282 0.91353282 0.91353282 0.91353282 0.91353282 0.91353282
 0.91353282 0.91353282 0.91353282]' has dtype incompatible with int64, please explicitly cast to a compatible dtype first.
  out.loc[:, cols] = scaler.transform(out[cols])
/mnt/c/Users/PS/workspace/Entity-Aware-Machine-Learning-for-PAH-Soil-Adsorption/src/preprocessing.py:38: FutureWarning: Setting an item of incompatible dtype is deprecated and will raise in a future error of pandas. Value '[0.11739842 0.11739842 0.11739842 ... 0.11739842 0.11739842 0.11739842]' has dtype incompatible with int64, please explicitly cast to a compatible dtype first.
  out.loc[:, cols] = scaler.transform(out[cols])
/mnt/c/Users/PS/workspace/Entity-Aware-Machine-Learning-for-PAH-Soil-Adsorption/src/preprocessing.py:38: FutureWarning: Setting an item of incompatible dtype is deprecated and will raise in a future error of pandas. Value '[-0.65953548 -0.65953548 -0.65953548 -0.65953548 -0.65953548]' has dtype incompatible with int64, please explicitly cast to a compatible dtype first.
  out.loc[:, cols] = scaler.transform(out[cols])
/mnt/c/Users/PS/workspace/Entity-Aware-Machine-Learning-for-PAH-Soil-Adsorption/src/preprocessing.py:38: FutureWarning: Setting an item of incompatible dtype is deprecated and will raise in a future error of pandas. Value '[0.12016454 0.12016454 0.12016454 ... 0.12016454 0.12016454 0.12016454]' has dtype incompatible with int64, please explicitly cast to a compatible dtype first.
  out.loc[:, cols] = scaler.transform(out[cols])
/mnt/c/Users/PS/workspace/Entity-Aware-Machine-Learning-for-PAH-Soil-Adsorption/src/preprocessing.py:38: FutureWarning: Setting an item of incompatible dtype is deprecated and will raise in a future error of pandas. Value '[0.12016454 0.12016454 0.12016454 0.12016454 0.12016454 0.12016454
 0.12016454]' has dtype incompatible with int64, please explicitly cast to a compatible dtype first.
  out.loc[:, cols] = scaler.transform(out[cols])
/mnt/c/Users/PS/workspace/Entity-Aware-Machine-Learning-for-PAH-Soil-Adsorption/src/preprocessing.py:38: FutureWarning: Setting an item of incompatible dtype is deprecated and will raise in a future error of pandas. Value '[0.12016454 0.12016454 0.12016454 ... 0.12016454 0.12016454 0.12016454]' has dtype incompatible with int64, please explicitly cast to a compatible dtype first.
  out.loc[:, cols] = scaler.transform(out[cols])
/mnt/c/Users/PS/workspace/Entity-Aware-Machine-Learning-for-PAH-Soil-Adsorption/src/preprocessing.py:38: FutureWarning: Setting an item of incompatible dtype is deprecated and will raise in a future error of pandas. Value '[0.12016454 0.12016454 0.12016454 0.12016454 0.12016454 0.12016454
 0.12016454]' has dtype incompatible with int64, please explicitly cast to a compatible dtype first.
  out.loc[:, cols] = scaler.transform(out[cols])
/mnt/c/Users/PS/workspace/Entity-Aware-Machine-Learning-for-PAH-Soil-Adsorption/src/preprocessing.py:38: FutureWarning: Setting an item of incompatible dtype is deprecated and will raise in a future error of pandas. Value '[0.12016454 0.12016454 0.12016454 ... 0.12016454 0.12016454 0.12016454]' has dtype incompatible with int64, please explicitly cast to a compatible dtype first.
  out.loc[:, cols] = scaler.transform(out[cols])
/mnt/c/Users/PS/workspace/Entity-Aware-Machine-Learning-for-PAH-Soil-Adsorption/src/preprocessing.py:38: FutureWarning: Setting an item of incompatible dtype is deprecated and will raise in a future error of pandas. Value '[0.12016454 0.12016454 0.12016454 0.12016454 0.12016454 0.12016454
 0.12016454]' has dtype incompatible with int64, please explicitly cast to a compatible dtype first.
  out.loc[:, cols] = scaler.transform(out[cols])
/mnt/c/Users/PS/workspace/Entity-Aware-Machine-Learning-for-PAH-Soil-Adsorption/src/preprocessing.py:38: FutureWarning: Setting an item of incompatible dtype is deprecated and will raise in a future error of pandas. Value '[0.11393064 0.11393064 0.11393064 ... 0.11393064 0.11393064 0.11393064]' has dtype incompatible with int64, please explicitly cast to a compatible dtype first.
  out.loc[:, cols] = scaler.transform(out[cols])
/mnt/c/Users/PS/workspace/Entity-Aware-Machine-Learning-for-PAH-Soil-Adsorption/src/preprocessing.py:38: FutureWarning: Setting an item of incompatible dtype is deprecated and will raise in a future error of pandas. Value '[-0.66190924 -0.66190924 -0.66190924 -0.66190924 -0.66190924 -0.66190924
 -0.66190924 -0.66190924 -0.66190924 -0.66190924 -0.66190924 -0.66190924]' has dtype incompatible with int64, please explicitly cast to a compatible dtype first.
  out.loc[:, cols] = scaler.transform(out[cols])
/mnt/c/Users/PS/workspace/Entity-Aware-Machine-Learning-for-PAH-Soil-Adsorption/src/preprocessing.py:38: FutureWarning: Setting an item of incompatible dtype is deprecated and will raise in a future error of pandas. Value '[0.12020807 0.12020807 0.12020807 ... 0.12020807 0.12020807 0.12020807]' has dtype incompatible with int64, please explicitly cast to a compatible dtype first.
  out.loc[:, cols] = scaler.transform(out[cols])
/mnt/c/Users/PS/workspace/Entity-Aware-Machine-Learning-for-PAH-Soil-Adsorption/src/preprocessing.py:38: FutureWarning: Setting an item of incompatible dtype is deprecated and will raise in a future error of pandas. Value '[0.12020807 0.12020807 0.12020807 0.12020807 0.12020807 0.12020807
 0.12020807 0.12020807]' has dtype incompatible with int64, please explicitly cast to a compatible dtype first.
  out.loc[:, cols] = scaler.transform(out[cols])
/mnt/c/Users/PS/workspace/Entity-Aware-Machine-Learning-for-PAH-Soil-Adsorption/src/preprocessing.py:38: FutureWarning: Setting an item of incompatible dtype is deprecated and will raise in a future error of pandas. Value '[0.12012106 0.12012106 0.12012106 ... 0.12012106 0.12012106 0.12012106]' has dtype incompatible with int64, please explicitly cast to a compatible dtype first.
  out.loc[:, cols] = scaler.transform(out[cols])
/mnt/c/Users/PS/workspace/Entity-Aware-Machine-Learning-for-PAH-Soil-Adsorption/src/preprocessing.py:38: FutureWarning: Setting an item of incompatible dtype is deprecated and will raise in a future error of pandas. Value '[0.12012106 0.12012106 0.12012106 0.12012106 0.12012106 0.12012106]' has dtype incompatible with int64, please explicitly cast to a compatible dtype first.
  out.loc[:, cols] = scaler.transform(out[cols])
/mnt/c/Users/PS/workspace/Entity-Aware-Machine-Learning-for-PAH-Soil-Adsorption/src/preprocessing.py:38: FutureWarning: Setting an item of incompatible dtype is deprecated and will raise in a future error of pandas. Value '[0.09735076 0.09735076 0.09735076 ... 0.09735076 0.09735076 0.09735076]' has dtype incompatible with int64, please explicitly cast to a compatible dtype first.
  out.loc[:, cols] = scaler.transform(out[cols])
/mnt/c/Users/PS/workspace/Entity-Aware-Machine-Learning-for-PAH-Soil-Adsorption/src/preprocessing.py:38: FutureWarning: Setting an item of incompatible dtype is deprecated and will raise in a future error of pandas. Value '[ 0.09735076  0.09735076  0.09735076  0.09735076  0.09735076  0.09735076
  0.09735076  0.09735076  0.09735076  0.09735076 -3.08699835 -3.08699835
 -3.08699835 -3.08699835 -3.08699835 -3.08699835 -3.08699835 -3.08699835
 -1.49482379 -1.49482379 -1.49482379 -1.49482379 -1.49482379 -1.49482379
 -1.49482379 -1.49482379]' has dtype incompatible with int64, please explicitly cast to a compatible dtype first.
  out.loc[:, cols] = scaler.transform(out[cols])
/mnt/c/Users/PS/workspace/Entity-Aware-Machine-Learning-for-PAH-Soil-Adsorption/src/preprocessing.py:38: FutureWarning: Setting an item of incompatible dtype is deprecated and will raise in a future error of pandas. Value '[0.12007762 0.12007762 0.12007762 ... 0.12007762 0.12007762 0.12007762]' has dtype incompatible with int64, please explicitly cast to a compatible dtype first.
  out.loc[:, cols] = scaler.transform(out[cols])
/mnt/c/Users/PS/workspace/Entity-Aware-Machine-Learning-for-PAH-Soil-Adsorption/src/preprocessing.py:38: FutureWarning: Setting an item of incompatible dtype is deprecated and will raise in a future error of pandas. Value '[0.12007762 0.12007762 0.12007762 0.12007762 0.12007762]' has dtype incompatible with int64, please explicitly cast to a compatible dtype first.
  out.loc[:, cols] = scaler.transform(out[cols])
/mnt/c/Users/PS/workspace/Entity-Aware-Machine-Learning-for-PAH-Soil-Adsorption/src/preprocessing.py:38: FutureWarning: Setting an item of incompatible dtype is deprecated and will raise in a future error of pandas. Value '[0.12016454 0.12016454 0.12016454 ... 0.12016454 0.12016454 0.12016454]' has dtype incompatible with int64, please explicitly cast to a compatible dtype first.
  out.loc[:, cols] = scaler.transform(out[cols])
/mnt/c/Users/PS/workspace/Entity-Aware-Machine-Learning-for-PAH-Soil-Adsorption/src/preprocessing.py:38: FutureWarning: Setting an item of incompatible dtype is deprecated and will raise in a future error of pandas. Value '[0.12016454 0.12016454 0.12016454 0.12016454 0.12016454 0.12016454
 0.12016454]' has dtype incompatible with int64, please explicitly cast to a compatible dtype first.
  out.loc[:, cols] = scaler.transform(out[cols])
/mnt/c/Users/PS/workspace/Entity-Aware-Machine-Learning-for-PAH-Soil-Adsorption/src/preprocessing.py:38: FutureWarning: Setting an item of incompatible dtype is deprecated and will raise in a future error of pandas. Value '[0.12016454 0.12016454 0.12016454 ... 0.12016454 0.12016454 0.12016454]' has dtype incompatible with int64, please explicitly cast to a compatible dtype first.
  out.loc[:, cols] = scaler.transform(out[cols])
/mnt/c/Users/PS/workspace/Entity-Aware-Machine-Learning-for-PAH-Soil-Adsorption/src/preprocessing.py:38: FutureWarning: Setting an item of incompatible dtype is deprecated and will raise in a future error of pandas. Value '[0.12016454 0.12016454 0.12016454 0.12016454 0.12016454 0.12016454
 0.12016454]' has dtype incompatible with int64, please explicitly cast to a compatible dtype first.
  out.loc[:, cols] = scaler.transform(out[cols])
/mnt/c/Users/PS/workspace/Entity-Aware-Machine-Learning-for-PAH-Soil-Adsorption/src/preprocessing.py:38: FutureWarning: Setting an item of incompatible dtype is deprecated and will raise in a future error of pandas. Value '[0.12016454 0.12016454 0.12016454 ... 0.12016454 0.12016454 0.12016454]' has dtype incompatible with int64, please explicitly cast to a compatible dtype first.
  out.loc[:, cols] = scaler.transform(out[cols])
/mnt/c/Users/PS/workspace/Entity-Aware-Machine-Learning-for-PAH-Soil-Adsorption/src/preprocessing.py:38: FutureWarning: Setting an item of incompatible dtype is deprecated and will raise in a future error of pandas. Value '[0.12016454 0.12016454 0.12016454 0.12016454 0.12016454 0.12016454
 0.12016454]' has dtype incompatible with int64, please explicitly cast to a compatible dtype first.
  out.loc[:, cols] = scaler.transform(out[cols])
/mnt/c/Users/PS/workspace/Entity-Aware-Machine-Learning-for-PAH-Soil-Adsorption/src/preprocessing.py:38: FutureWarning: Setting an item of incompatible dtype is deprecated and will raise in a future error of pandas. Value '[0.11918097 0.11918097 0.11918097 ... 0.11918097 0.11918097 0.11918097]' has dtype incompatible with int64, please explicitly cast to a compatible dtype first.
  out.loc[:, cols] = scaler.transform(out[cols])
/mnt/c/Users/PS/workspace/Entity-Aware-Machine-Learning-for-PAH-Soil-Adsorption/src/preprocessing.py:38: FutureWarning: Setting an item of incompatible dtype is deprecated and will raise in a future error of pandas. Value '[-0.03580972 -0.03580972 -0.03580972 -0.03580972 -0.03580972 -0.03580972
 -0.03580972 -0.03580972 -0.03580972 -0.03580972]' has dtype incompatible with int64, please explicitly cast to a compatible dtype first.
  out.loc[:, cols] = scaler.transform(out[cols])
/mnt/c/Users/PS/workspace/Entity-Aware-Machine-Learning-for-PAH-Soil-Adsorption/src/preprocessing.py:38: FutureWarning: Setting an item of incompatible dtype is deprecated and will raise in a future error of pandas. Value '[0.12016454 0.12016454 0.12016454 ... 0.12016454 0.12016454 0.12016454]' has dtype incompatible with int64, please explicitly cast to a compatible dtype first.
  out.loc[:, cols] = scaler.transform(out[cols])
/mnt/c/Users/PS/workspace/Entity-Aware-Machine-Learning-for-PAH-Soil-Adsorption/src/preprocessing.py:38: FutureWarning: Setting an item of incompatible dtype is deprecated and will raise in a future error of pandas. Value '[0.12016454 0.12016454 0.12016454 0.12016454 0.12016454 0.12016454
 0.12016454]' has dtype incompatible with int64, please explicitly cast to a compatible dtype first.
  out.loc[:, cols] = scaler.transform(out[cols])
/mnt/c/Users/PS/workspace/Entity-Aware-Machine-Learning-for-PAH-Soil-Adsorption/src/preprocessing.py:38: FutureWarning: Setting an item of incompatible dtype is deprecated and will raise in a future error of pandas. Value '[0.11887748 0.11887748 0.11887748 ... 0.11887748 0.11887748 0.11887748]' has dtype incompatible with int64, please explicitly cast to a compatible dtype first.
  out.loc[:, cols] = scaler.transform(out[cols])
/mnt/c/Users/PS/workspace/Entity-Aware-Machine-Learning-for-PAH-Soil-Adsorption/src/preprocessing.py:38: FutureWarning: Setting an item of incompatible dtype is deprecated and will raise in a future error of pandas. Value '[-0.65852594 -0.65852594]' has dtype incompatible with int64, please explicitly cast to a compatible dtype first.
  out.loc[:, cols] = scaler.transform(out[cols])
/mnt/c/Users/PS/workspace/Entity-Aware-Machine-Learning-for-PAH-Soil-Adsorption/src/preprocessing.py:38: FutureWarning: Setting an item of incompatible dtype is deprecated and will raise in a future error of pandas. Value '[0.12007762 0.12007762 0.12007762 ... 0.12007762 0.12007762 0.12007762]' has dtype incompatible with int64, please explicitly cast to a compatible dtype first.
  out.loc[:, cols] = scaler.transform(out[cols])
/mnt/c/Users/PS/workspace/Entity-Aware-Machine-Learning-for-PAH-Soil-Adsorption/src/preprocessing.py:38: FutureWarning: Setting an item of incompatible dtype is deprecated and will raise in a future error of pandas. Value '[0.12007762 0.12007762 0.12007762 0.12007762 0.12007762]' has dtype incompatible with int64, please explicitly cast to a compatible dtype first.
  out.loc[:, cols] = scaler.transform(out[cols])
/mnt/c/Users/PS/workspace/Entity-Aware-Machine-Learning-for-PAH-Soil-Adsorption/src/preprocessing.py:38: FutureWarning: Setting an item of incompatible dtype is deprecated and will raise in a future error of pandas. Value '[0.08444949 0.08444949 0.08444949 ... 0.08444949 0.08444949 0.08444949]' has dtype incompatible with int64, please explicitly cast to a compatible dtype first.
  out.loc[:, cols] = scaler.transform(out[cols])
/mnt/c/Users/PS/workspace/Entity-Aware-Machine-Learning-for-PAH-Soil-Adsorption/src/preprocessing.py:38: FutureWarning: Setting an item of incompatible dtype is deprecated and will raise in a future error of pandas. Value '[-2.33371809 -2.33371809 -2.33371809 -2.33371809 -2.33371809 -2.33371809
 -2.33371809 -2.33371809 -2.33371809 -2.33371809 -2.33371809 -2.33371809
 -2.33371809 -2.33371809 -2.33371809 -2.33371809 -2.33371809 -2.33371809
 -2.33371809 -2.33371809 -2.33371809 -2.33371809 -2.33371809 -2.33371809]' has dtype incompatible with int64, please explicitly cast to a compatible dtype first.
  out.loc[:, cols] = scaler.transform(out[cols])
/mnt/c/Users/PS/workspace/Entity-Aware-Machine-Learning-for-PAH-Soil-Adsorption/src/preprocessing.py:38: FutureWarning: Setting an item of incompatible dtype is deprecated and will raise in a future error of pandas. Value '[0.1025883 0.1025883 0.1025883 ... 0.1025883 0.1025883 0.1025883]' has dtype incompatible with int64, please explicitly cast to a compatible dtype first.
  out.loc[:, cols] = scaler.transform(out[cols])
/mnt/c/Users/PS/workspace/Entity-Aware-Machine-Learning-for-PAH-Soil-Adsorption/src/preprocessing.py:38: FutureWarning: Setting an item of incompatible dtype is deprecated and will raise in a future error of pandas. Value '[-2.2711122 -2.2711122 -2.2711122 -2.2711122 -2.2711122 -2.2711122
 -2.2711122 -2.2711122 -2.2711122 -2.2711122 -2.2711122 -2.2711122]' has dtype incompatible with int64, please explicitly cast to a compatible dtype first.
  out.loc[:, cols] = scaler.transform(out[cols])
/mnt/c/Users/PS/workspace/Entity-Aware-Machine-Learning-for-PAH-Soil-Adsorption/src/preprocessing.py:38: FutureWarning: Setting an item of incompatible dtype is deprecated and will raise in a future error of pandas. Value '[0.12016454 0.12016454 0.12016454 ... 0.12016454 0.12016454 0.12016454]' has dtype incompatible with int64, please explicitly cast to a compatible dtype first.
  out.loc[:, cols] = scaler.transform(out[cols])
/mnt/c/Users/PS/workspace/Entity-Aware-Machine-Learning-for-PAH-Soil-Adsorption/src/preprocessing.py:38: FutureWarning: Setting an item of incompatible dtype is deprecated and will raise in a future error of pandas. Value '[0.12016454 0.12016454 0.12016454 0.12016454 0.12016454 0.12016454
 0.12016454]' has dtype incompatible with int64, please explicitly cast to a compatible dtype first.
  out.loc[:, cols] = scaler.transform(out[cols])
/mnt/c/Users/PS/workspace/Entity-Aware-Machine-Learning-for-PAH-Soil-Adsorption/src/preprocessing.py:38: FutureWarning: Setting an item of incompatible dtype is deprecated and will raise in a future error of pandas. Value '[0.11838493 0.11838493 0.11838493 ... 0.11838493 0.11838493 0.11838493]' has dtype incompatible with int64, please explicitly cast to a compatible dtype first.
  out.loc[:, cols] = scaler.transform(out[cols])
/mnt/c/Users/PS/workspace/Entity-Aware-Machine-Learning-for-PAH-Soil-Adsorption/src/preprocessing.py:38: FutureWarning: Setting an item of incompatible dtype is deprecated and will raise in a future error of pandas. Value '[-0.65886194 -0.65886194 -0.65886194]' has dtype incompatible with int64, please explicitly cast to a compatible dtype first.
  out.loc[:, cols] = scaler.transform(out[cols])
/mnt/c/Users/PS/workspace/Entity-Aware-Machine-Learning-for-PAH-Soil-Adsorption/src/preprocessing.py:38: FutureWarning: Setting an item of incompatible dtype is deprecated and will raise in a future error of pandas. Value '[0.12007762 0.12007762 0.12007762 ... 0.12007762 0.12007762 0.12007762]' has dtype incompatible with int64, please explicitly cast to a compatible dtype first.
  out.loc[:, cols] = scaler.transform(out[cols])
/mnt/c/Users/PS/workspace/Entity-Aware-Machine-Learning-for-PAH-Soil-Adsorption/src/preprocessing.py:38: FutureWarning: Setting an item of incompatible dtype is deprecated and will raise in a future error of pandas. Value '[0.12007762 0.12007762 0.12007762 0.12007762 0.12007762]' has dtype incompatible with int64, please explicitly cast to a compatible dtype first.
  out.loc[:, cols] = scaler.transform(out[cols])
/mnt/c/Users/PS/workspace/Entity-Aware-Machine-Learning-for-PAH-Soil-Adsorption/src/preprocessing.py:38: FutureWarning: Setting an item of incompatible dtype is deprecated and will raise in a future error of pandas. Value '[0.1199909 0.1199909 0.1199909 ... 0.1199909 0.1199909 0.1199909]' has dtype incompatible with int64, please explicitly cast to a compatible dtype first.
  out.loc[:, cols] = scaler.transform(out[cols])
/mnt/c/Users/PS/workspace/Entity-Aware-Machine-Learning-for-PAH-Soil-Adsorption/src/preprocessing.py:38: FutureWarning: Setting an item of incompatible dtype is deprecated and will raise in a future error of pandas. Value '[0.1199909 0.1199909 0.1199909]' has dtype incompatible with int64, please explicitly cast to a compatible dtype first.
  out.loc[:, cols] = scaler.transform(out[cols])
/mnt/c/Users/PS/workspace/Entity-Aware-Machine-Learning-for-PAH-Soil-Adsorption/src/preprocessing.py:38: FutureWarning: Setting an item of incompatible dtype is deprecated and will raise in a future error of pandas. Value '[0.11739842 0.11739842 0.11739842 ... 0.11739842 0.11739842 0.11739842]' has dtype incompatible with int64, please explicitly cast to a compatible dtype first.
  out.loc[:, cols] = scaler.transform(out[cols])
/mnt/c/Users/PS/workspace/Entity-Aware-Machine-Learning-for-PAH-Soil-Adsorption/src/preprocessing.py:38: FutureWarning: Setting an item of incompatible dtype is deprecated and will raise in a future error of pandas. Value '[-0.65953548 -0.65953548 -0.65953548 -0.65953548 -0.65953548]' has dtype incompatible with int64, please explicitly cast to a compatible dtype first.
  out.loc[:, cols] = scaler.transform(out[cols])
/mnt/c/Users/PS/workspace/Entity-Aware-Machine-Learning-for-PAH-Soil-Adsorption/src/preprocessing.py:38: FutureWarning: Setting an item of incompatible dtype is deprecated and will raise in a future error of pandas. Value '[0.12016454 0.12016454 0.12016454 ... 0.12016454 0.12016454 0.12016454]' has dtype incompatible with int64, please explicitly cast to a compatible dtype first.
  out.loc[:, cols] = scaler.transform(out[cols])
/mnt/c/Users/PS/workspace/Entity-Aware-Machine-Learning-for-PAH-Soil-Adsorption/src/preprocessing.py:38: FutureWarning: Setting an item of incompatible dtype is deprecated and will raise in a future error of pandas. Value '[0.12016454 0.12016454 0.12016454 0.12016454 0.12016454 0.12016454
 0.12016454]' has dtype incompatible with int64, please explicitly cast to a compatible dtype first.
  out.loc[:, cols] = scaler.transform(out[cols])
/mnt/c/Users/PS/workspace/Entity-Aware-Machine-Learning-for-PAH-Soil-Adsorption/src/preprocessing.py:38: FutureWarning: Setting an item of incompatible dtype is deprecated and will raise in a future error of pandas. Value '[0.12180925 0.12180925 0.12180925 ... 0.12180925 0.12180925 0.12180925]' has dtype incompatible with int64, please explicitly cast to a compatible dtype first.
  out.loc[:, cols] = scaler.transform(out[cols])
/mnt/c/Users/PS/workspace/Entity-Aware-Machine-Learning-for-PAH-Soil-Adsorption/src/preprocessing.py:38: FutureWarning: Setting an item of incompatible dtype is deprecated and will raise in a future error of pandas. Value '[0.58789573 0.58789573 0.58789573 0.58789573 0.58789573]' has dtype incompatible with int64, please explicitly cast to a compatible dtype first.
  out.loc[:, cols] = scaler.transform(out[cols])
/mnt/c/Users/PS/workspace/Entity-Aware-Machine-Learning-for-PAH-Soil-Adsorption/src/preprocessing.py:38: FutureWarning: Setting an item of incompatible dtype is deprecated and will raise in a future error of pandas. Value '[0.12016454 0.12016454 0.12016454 ... 0.12016454 0.12016454 0.12016454]' has dtype incompatible with int64, please explicitly cast to a compatible dtype first.
  out.loc[:, cols] = scaler.transform(out[cols])
/mnt/c/Users/PS/workspace/Entity-Aware-Machine-Learning-for-PAH-Soil-Adsorption/src/preprocessing.py:38: FutureWarning: Setting an item of incompatible dtype is deprecated and will raise in a future error of pandas. Value '[0.12016454 0.12016454 0.12016454 0.12016454 0.12016454 0.12016454
 0.12016454]' has dtype incompatible with int64, please explicitly cast to a compatible dtype first.
  out.loc[:, cols] = scaler.transform(out[cols])
/mnt/c/Users/PS/workspace/Entity-Aware-Machine-Learning-for-PAH-Soil-Adsorption/src/preprocessing.py:38: FutureWarning: Setting an item of incompatible dtype is deprecated and will raise in a future error of pandas. Value '[0.12012106 0.12012106 0.12012106 ... 0.12012106 0.12012106 0.12012106]' has dtype incompatible with int64, please explicitly cast to a compatible dtype first.
  out.loc[:, cols] = scaler.transform(out[cols])
/mnt/c/Users/PS/workspace/Entity-Aware-Machine-Learning-for-PAH-Soil-Adsorption/src/preprocessing.py:38: FutureWarning: Setting an item of incompatible dtype is deprecated and will raise in a future error of pandas. Value '[0.12012106 0.12012106 0.12012106 0.12012106 0.12012106 0.12012106]' has dtype incompatible with int64, please explicitly cast to a compatible dtype first.
  out.loc[:, cols] = scaler.transform(out[cols])
/mnt/c/Users/PS/workspace/Entity-Aware-Machine-Learning-for-PAH-Soil-Adsorption/src/preprocessing.py:38: FutureWarning: Setting an item of incompatible dtype is deprecated and will raise in a future error of pandas. Value '[0.11595915 0.11595915 0.11595915 ... 0.11595915 0.11595915 0.11595915]' has dtype incompatible with int64, please explicitly cast to a compatible dtype first.
  out.loc[:, cols] = scaler.transform(out[cols])
/mnt/c/Users/PS/workspace/Entity-Aware-Machine-Learning-for-PAH-Soil-Adsorption/src/preprocessing.py:38: FutureWarning: Setting an item of incompatible dtype is deprecated and will raise in a future error of pandas. Value '[-0.50456103 -0.50456103 -0.50456103 -0.50456103 -0.50456103 -0.50456103
 -0.50456103 -0.50456103 -0.50456103 -0.50456103]' has dtype incompatible with int64, please explicitly cast to a compatible dtype first.
  out.loc[:, cols] = scaler.transform(out[cols])
/mnt/c/Users/PS/workspace/Entity-Aware-Machine-Learning-for-PAH-Soil-Adsorption/src/preprocessing.py:38: FutureWarning: Setting an item of incompatible dtype is deprecated and will raise in a future error of pandas. Value '[0.12038265 0.12038265 0.12038265 ... 0.12038265 0.12038265 0.12038265]' has dtype incompatible with int64, please explicitly cast to a compatible dtype first.
  out.loc[:, cols] = scaler.transform(out[cols])
/mnt/c/Users/PS/workspace/Entity-Aware-Machine-Learning-for-PAH-Soil-Adsorption/src/preprocessing.py:38: FutureWarning: Setting an item of incompatible dtype is deprecated and will raise in a future error of pandas. Value '[0.12038265 0.12038265 0.12038265 0.12038265 0.12038265 0.12038265
 0.12038265 0.12038265 0.12038265 0.12038265 0.12038265 0.12038265]' has dtype incompatible with int64, please explicitly cast to a compatible dtype first.
  out.loc[:, cols] = scaler.transform(out[cols])
/mnt/c/Users/PS/workspace/Entity-Aware-Machine-Learning-for-PAH-Soil-Adsorption/src/preprocessing.py:38: FutureWarning: Setting an item of incompatible dtype is deprecated and will raise in a future error of pandas. Value '[0.12016454 0.12016454 0.12016454 ... 0.12016454 0.12016454 0.12016454]' has dtype incompatible with int64, please explicitly cast to a compatible dtype first.
  out.loc[:, cols] = scaler.transform(out[cols])
/mnt/c/Users/PS/workspace/Entity-Aware-Machine-Learning-for-PAH-Soil-Adsorption/src/preprocessing.py:38: FutureWarning: Setting an item of incompatible dtype is deprecated and will raise in a future error of pandas. Value '[0.12016454 0.12016454 0.12016454 0.12016454 0.12016454 0.12016454
 0.12016454]' has dtype incompatible with int64, please explicitly cast to a compatible dtype first.
  out.loc[:, cols] = scaler.transform(out[cols])
/mnt/c/Users/PS/workspace/Entity-Aware-Machine-Learning-for-PAH-Soil-Adsorption/src/preprocessing.py:38: FutureWarning: Setting an item of incompatible dtype is deprecated and will raise in a future error of pandas. Value '[0.12007762 0.12007762 0.12007762 ... 0.12007762 0.12007762 0.12007762]' has dtype incompatible with int64, please explicitly cast to a compatible dtype first.
  out.loc[:, cols] = scaler.transform(out[cols])
/mnt/c/Users/PS/workspace/Entity-Aware-Machine-Learning-for-PAH-Soil-Adsorption/src/preprocessing.py:38: FutureWarning: Setting an item of incompatible dtype is deprecated and will raise in a future error of pandas. Value '[0.12007762 0.12007762 0.12007762 0.12007762 0.12007762]' has dtype incompatible with int64, please explicitly cast to a compatible dtype first.
  out.loc[:, cols] = scaler.transform(out[cols])
/mnt/c/Users/PS/workspace/Entity-Aware-Machine-Learning-for-PAH-Soil-Adsorption/src/preprocessing.py:38: FutureWarning: Setting an item of incompatible dtype is deprecated and will raise in a future error of pandas. Value '[0.12396071 0.12396071 0.12396071 ... 0.12396071 0.12396071 0.12396071]' has dtype incompatible with int64, please explicitly cast to a compatible dtype first.
  out.loc[:, cols] = scaler.transform(out[cols])
/mnt/c/Users/PS/workspace/Entity-Aware-Machine-Learning-for-PAH-Soil-Adsorption/src/preprocessing.py:38: FutureWarning: Setting an item of incompatible dtype is deprecated and will raise in a future error of pandas. Value '[0.43369573 0.43369573 0.43369573 0.43369573 0.43369573 0.43369573
 0.43369573 0.43369573 0.43369573 0.43369573 0.43369573 0.43369573
 0.43369573 0.43369573 0.43369573]' has dtype incompatible with int64, please explicitly cast to a compatible dtype first.
  out.loc[:, cols] = scaler.transform(out[cols])
/mnt/c/Users/PS/workspace/Entity-Aware-Machine-Learning-for-PAH-Soil-Adsorption/src/preprocessing.py:38: FutureWarning: Setting an item of incompatible dtype is deprecated and will raise in a future error of pandas. Value '[0.12029526 0.12029526 0.12029526 ... 0.12029526 0.12029526 0.12029526]' has dtype incompatible with int64, please explicitly cast to a compatible dtype first.
  out.loc[:, cols] = scaler.transform(out[cols])
/mnt/c/Users/PS/workspace/Entity-Aware-Machine-Learning-for-PAH-Soil-Adsorption/src/preprocessing.py:38: FutureWarning: Setting an item of incompatible dtype is deprecated and will raise in a future error of pandas. Value '[0.12029526 0.12029526 0.12029526 0.12029526 0.12029526 0.12029526
 0.12029526 0.12029526 0.12029526 0.12029526]' has dtype incompatible with int64, please explicitly cast to a compatible dtype first.
  out.loc[:, cols] = scaler.transform(out[cols])
/mnt/c/Users/PS/workspace/Entity-Aware-Machine-Learning-for-PAH-Soil-Adsorption/src/preprocessing.py:38: FutureWarning: Setting an item of incompatible dtype is deprecated and will raise in a future error of pandas. Value '[0.12016454 0.12016454 0.12016454 ... 0.12016454 0.12016454 0.12016454]' has dtype incompatible with int64, please explicitly cast to a compatible dtype first.
  out.loc[:, cols] = scaler.transform(out[cols])
/mnt/c/Users/PS/workspace/Entity-Aware-Machine-Learning-for-PAH-Soil-Adsorption/src/preprocessing.py:38: FutureWarning: Setting an item of incompatible dtype is deprecated and will raise in a future error of pandas. Value '[0.12016454 0.12016454 0.12016454 0.12016454 0.12016454 0.12016454
 0.12016454]' has dtype incompatible with int64, please explicitly cast to a compatible dtype first.
  out.loc[:, cols] = scaler.transform(out[cols])
/mnt/c/Users/PS/workspace/Entity-Aware-Machine-Learning-for-PAH-Soil-Adsorption/src/preprocessing.py:38: FutureWarning: Setting an item of incompatible dtype is deprecated and will raise in a future error of pandas. Value '[0.11936955 0.11936955 0.11936955 ... 0.11936955 0.11936955 0.11936955]' has dtype incompatible with int64, please explicitly cast to a compatible dtype first.
  out.loc[:, cols] = scaler.transform(out[cols])
/mnt/c/Users/PS/workspace/Entity-Aware-Machine-Learning-for-PAH-Soil-Adsorption/src/preprocessing.py:38: FutureWarning: Setting an item of incompatible dtype is deprecated and will raise in a future error of pandas. Value '[-0.65819046]' has dtype incompatible with int64, please explicitly cast to a compatible dtype first.
  out.loc[:, cols] = scaler.transform(out[cols])
/home/cxx/.local/lib/python3.10/site-packages/sklearn/metrics/_regression.py:1283: UndefinedMetricWarning: R^2 score is not well-defined with less than two samples.
  warnings.warn(msg, UndefinedMetricWarning)
/mnt/c/Users/PS/workspace/Entity-Aware-Machine-Learning-for-PAH-Soil-Adsorption/src/preprocessing.py:38: FutureWarning: Setting an item of incompatible dtype is deprecated and will raise in a future error of pandas. Value '[0.12016454 0.12016454 0.12016454 ... 0.12016454 0.12016454 0.12016454]' has dtype incompatible with int64, please explicitly cast to a compatible dtype first.
  out.loc[:, cols] = scaler.transform(out[cols])
/mnt/c/Users/PS/workspace/Entity-Aware-Machine-Learning-for-PAH-Soil-Adsorption/src/preprocessing.py:38: FutureWarning: Setting an item of incompatible dtype is deprecated and will raise in a future error of pandas. Value '[0.12016454 0.12016454 0.12016454 0.12016454 0.12016454 0.12016454
 0.12016454]' has dtype incompatible with int64, please explicitly cast to a compatible dtype first.
  out.loc[:, cols] = scaler.transform(out[cols])
/mnt/c/Users/PS/workspace/Entity-Aware-Machine-Learning-for-PAH-Soil-Adsorption/src/preprocessing.py:38: FutureWarning: Setting an item of incompatible dtype is deprecated and will raise in a future error of pandas. Value '[0.11343332 0.11343332 0.11343332 ... 0.11343332 0.11343332 0.11343332]' has dtype incompatible with int64, please explicitly cast to a compatible dtype first.
  out.loc[:, cols] = scaler.transform(out[cols])
/mnt/c/Users/PS/workspace/Entity-Aware-Machine-Learning-for-PAH-Soil-Adsorption/src/preprocessing.py:38: FutureWarning: Setting an item of incompatible dtype is deprecated and will raise in a future error of pandas. Value '[-0.66225044 -0.66225044 -0.66225044 -0.66225044 -0.66225044 -0.66225044
 -0.66225044 -0.66225044 -0.66225044 -0.66225044 -0.66225044 -0.66225044
 -0.66225044]' has dtype incompatible with int64, please explicitly cast to a compatible dtype first.
  out.loc[:, cols] = scaler.transform(out[cols])
/mnt/c/Users/PS/workspace/Entity-Aware-Machine-Learning-for-PAH-Soil-Adsorption/src/preprocessing.py:38: FutureWarning: Setting an item of incompatible dtype is deprecated and will raise in a future error of pandas. Value '[0.07342578 0.07342578 0.07342578 ... 0.07342578 0.07342578 0.07342578]' has dtype incompatible with int64, please explicitly cast to a compatible dtype first.
  out.loc[:, cols] = scaler.transform(out[cols])
/mnt/c/Users/PS/workspace/Entity-Aware-Machine-Learning-for-PAH-Soil-Adsorption/src/preprocessing.py:38: FutureWarning: Setting an item of incompatible dtype is deprecated and will raise in a future error of pandas. Value '[-2.37271845 -2.37271845 -2.37271845 -2.37271845 -2.37271845 -2.37271845
 -2.37271845 -2.37271845 -2.37271845 -2.37271845 -2.37271845 -2.37271845
 -2.37271845 -2.37271845 -2.37271845 -2.37271845 -2.37271845 -2.37271845
 -2.37271845 -2.37271845 -2.37271845 -2.37271845 -2.37271845 -2.37271845
 -2.37271845 -2.37271845 -2.37271845 -2.37271845 -2.37271845 -2.37271845
 -2.37271845]' has dtype incompatible with int64, please explicitly cast to a compatible dtype first.
  out.loc[:, cols] = scaler.transform(out[cols])
/mnt/c/Users/PS/workspace/Entity-Aware-Machine-Learning-for-PAH-Soil-Adsorption/src/preprocessing.py:38: FutureWarning: Setting an item of incompatible dtype is deprecated and will raise in a future error of pandas. Value '[0.12012106 0.12012106 0.12012106 ... 0.12012106 0.12012106 0.12012106]' has dtype incompatible with int64, please explicitly cast to a compatible dtype first.
  out.loc[:, cols] = scaler.transform(out[cols])
/mnt/c/Users/PS/workspace/Entity-Aware-Machine-Learning-for-PAH-Soil-Adsorption/src/preprocessing.py:38: FutureWarning: Setting an item of incompatible dtype is deprecated and will raise in a future error of pandas. Value '[0.12012106 0.12012106 0.12012106 0.12012106 0.12012106 0.12012106]' has dtype incompatible with int64, please explicitly cast to a compatible dtype first.
  out.loc[:, cols] = scaler.transform(out[cols])
/mnt/c/Users/PS/workspace/Entity-Aware-Machine-Learning-for-PAH-Soil-Adsorption/src/preprocessing.py:38: FutureWarning: Setting an item of incompatible dtype is deprecated and will raise in a future error of pandas. Value '[0.13326737 0.13326737 0.13326737 ... 0.13326737 0.13326737 0.13326737]' has dtype incompatible with int64, please explicitly cast to a compatible dtype first.
  out.loc[:, cols] = scaler.transform(out[cols])
/mnt/c/Users/PS/workspace/Entity-Aware-Machine-Learning-for-PAH-Soil-Adsorption/src/preprocessing.py:38: FutureWarning: Setting an item of incompatible dtype is deprecated and will raise in a future error of pandas. Value '[0.90991378 0.90991378 0.90991378 0.90991378 0.90991378 0.90991378
 0.90991378 0.90991378 0.90991378 0.90991378 0.90991378 0.90991378
 0.90991378 0.90991378 0.90991378 0.90991378 0.90991378 0.90991378
 0.90991378 0.90991378 0.90991378]' has dtype incompatible with int64, please explicitly cast to a compatible dtype first.
  out.loc[:, cols] = scaler.transform(out[cols])
/mnt/c/Users/PS/workspace/Entity-Aware-Machine-Learning-for-PAH-Soil-Adsorption/src/preprocessing.py:38: FutureWarning: Setting an item of incompatible dtype is deprecated and will raise in a future error of pandas. Value '[0.12016454 0.12016454 0.12016454 ... 0.12016454 0.12016454 0.12016454]' has dtype incompatible with int64, please explicitly cast to a compatible dtype first.
  out.loc[:, cols] = scaler.transform(out[cols])
/mnt/c/Users/PS/workspace/Entity-Aware-Machine-Learning-for-PAH-Soil-Adsorption/src/preprocessing.py:38: FutureWarning: Setting an item of incompatible dtype is deprecated and will raise in a future error of pandas. Value '[0.12016454 0.12016454 0.12016454 0.12016454 0.12016454 0.12016454
 0.12016454]' has dtype incompatible with int64, please explicitly cast to a compatible dtype first.
  out.loc[:, cols] = scaler.transform(out[cols])
/mnt/c/Users/PS/workspace/Entity-Aware-Machine-Learning-for-PAH-Soil-Adsorption/src/preprocessing.py:38: FutureWarning: Setting an item of incompatible dtype is deprecated and will raise in a future error of pandas. Value '[0.11952148 0.11952148 0.11952148 ... 0.11952148 0.11952148 0.11952148]' has dtype incompatible with int64, please explicitly cast to a compatible dtype first.
  out.loc[:, cols] = scaler.transform(out[cols])
/mnt/c/Users/PS/workspace/Entity-Aware-Machine-Learning-for-PAH-Soil-Adsorption/src/preprocessing.py:38: FutureWarning: Setting an item of incompatible dtype is deprecated and will raise in a future error of pandas. Value '[-0.03574578 -0.03574578 -0.03574578 -0.03574578 -0.03574578]' has dtype incompatible with int64, please explicitly cast to a compatible dtype first.
  out.loc[:, cols] = scaler.transform(out[cols])
/mnt/c/Users/PS/workspace/Entity-Aware-Machine-Learning-for-PAH-Soil-Adsorption/src/preprocessing.py:38: FutureWarning: Setting an item of incompatible dtype is deprecated and will raise in a future error of pandas. Value '[0.12007762 0.12007762 0.12007762 ... 0.12007762 0.12007762 0.12007762]' has dtype incompatible with int64, please explicitly cast to a compatible dtype first.
  out.loc[:, cols] = scaler.transform(out[cols])
/mnt/c/Users/PS/workspace/Entity-Aware-Machine-Learning-for-PAH-Soil-Adsorption/src/preprocessing.py:38: FutureWarning: Setting an item of incompatible dtype is deprecated and will raise in a future error of pandas. Value '[0.12007762 0.12007762 0.12007762 0.12007762 0.12007762]' has dtype incompatible with int64, please explicitly cast to a compatible dtype first.
  out.loc[:, cols] = scaler.transform(out[cols])
/mnt/c/Users/PS/workspace/Entity-Aware-Machine-Learning-for-PAH-Soil-Adsorption/src/preprocessing.py:38: FutureWarning: Setting an item of incompatible dtype is deprecated and will raise in a future error of pandas. Value '[0.12007762 0.12007762 0.12007762 ... 0.12007762 0.12007762 0.12007762]' has dtype incompatible with int64, please explicitly cast to a compatible dtype first.
  out.loc[:, cols] = scaler.transform(out[cols])
/mnt/c/Users/PS/workspace/Entity-Aware-Machine-Learning-for-PAH-Soil-Adsorption/src/preprocessing.py:38: FutureWarning: Setting an item of incompatible dtype is deprecated and will raise in a future error of pandas. Value '[0.12007762 0.12007762 0.12007762 0.12007762 0.12007762]' has dtype incompatible with int64, please explicitly cast to a compatible dtype first.
  out.loc[:, cols] = scaler.transform(out[cols])
/mnt/c/Users/PS/workspace/Entity-Aware-Machine-Learning-for-PAH-Soil-Adsorption/src/preprocessing.py:38: FutureWarning: Setting an item of incompatible dtype is deprecated and will raise in a future error of pandas. Value '[0.12016454 0.12016454 0.12016454 ... 0.12016454 0.12016454 0.12016454]' has dtype incompatible with int64, please explicitly cast to a compatible dtype first.
  out.loc[:, cols] = scaler.transform(out[cols])
/mnt/c/Users/PS/workspace/Entity-Aware-Machine-Learning-for-PAH-Soil-Adsorption/src/preprocessing.py:38: FutureWarning: Setting an item of incompatible dtype is deprecated and will raise in a future error of pandas. Value '[0.12016454 0.12016454 0.12016454 0.12016454 0.12016454 0.12016454
 0.12016454]' has dtype incompatible with int64, please explicitly cast to a compatible dtype first.
  out.loc[:, cols] = scaler.transform(out[cols])
/mnt/c/Users/PS/workspace/Entity-Aware-Machine-Learning-for-PAH-Soil-Adsorption/src/preprocessing.py:38: FutureWarning: Setting an item of incompatible dtype is deprecated and will raise in a future error of pandas. Value '[0.11887748 0.11887748 0.11887748 ... 0.11887748 0.11887748 0.11887748]' has dtype incompatible with int64, please explicitly cast to a compatible dtype first.
  out.loc[:, cols] = scaler.transform(out[cols])
/mnt/c/Users/PS/workspace/Entity-Aware-Machine-Learning-for-PAH-Soil-Adsorption/src/preprocessing.py:38: FutureWarning: Setting an item of incompatible dtype is deprecated and will raise in a future error of pandas. Value '[-0.65852594 -0.65852594]' has dtype incompatible with int64, please explicitly cast to a compatible dtype first.
  out.loc[:, cols] = scaler.transform(out[cols])
/mnt/c/Users/PS/workspace/Entity-Aware-Machine-Learning-for-PAH-Soil-Adsorption/src/preprocessing.py:38: FutureWarning: Setting an item of incompatible dtype is deprecated and will raise in a future error of pandas. Value '[0.12012106 0.12012106 0.12012106 ... 0.12012106 0.12012106 0.12012106]' has dtype incompatible with int64, please explicitly cast to a compatible dtype first.
  out.loc[:, cols] = scaler.transform(out[cols])
/mnt/c/Users/PS/workspace/Entity-Aware-Machine-Learning-for-PAH-Soil-Adsorption/src/preprocessing.py:38: FutureWarning: Setting an item of incompatible dtype is deprecated and will raise in a future error of pandas. Value '[0.12012106 0.12012106 0.12012106 0.12012106 0.12012106 0.12012106]' has dtype incompatible with int64, please explicitly cast to a compatible dtype first.
  out.loc[:, cols] = scaler.transform(out[cols])
/mnt/c/Users/PS/workspace/Entity-Aware-Machine-Learning-for-PAH-Soil-Adsorption/src/preprocessing.py:38: FutureWarning: Setting an item of incompatible dtype is deprecated and will raise in a future error of pandas. Value '[0.120558 0.120558 0.120558 ... 0.120558 0.120558 0.120558]' has dtype incompatible with int64, please explicitly cast to a compatible dtype first.
  out.loc[:, cols] = scaler.transform(out[cols])
/mnt/c/Users/PS/workspace/Entity-Aware-Machine-Learning-for-PAH-Soil-Adsorption/src/preprocessing.py:38: FutureWarning: Setting an item of incompatible dtype is deprecated and will raise in a future error of pandas. Value '[0.120558 0.120558 0.120558 0.120558 0.120558 0.120558 0.120558 0.120558
 0.120558 0.120558 0.120558 0.120558 0.120558 0.120558 0.120558 0.120558]' has dtype incompatible with int64, please explicitly cast to a compatible dtype first.
  out.loc[:, cols] = scaler.transform(out[cols])
/mnt/c/Users/PS/workspace/Entity-Aware-Machine-Learning-for-PAH-Soil-Adsorption/src/preprocessing.py:38: FutureWarning: Setting an item of incompatible dtype is deprecated and will raise in a future error of pandas. Value '[0.12396071 0.12396071 0.12396071 ... 0.12396071 0.12396071 0.12396071]' has dtype incompatible with int64, please explicitly cast to a compatible dtype first.
  out.loc[:, cols] = scaler.transform(out[cols])
/mnt/c/Users/PS/workspace/Entity-Aware-Machine-Learning-for-PAH-Soil-Adsorption/src/preprocessing.py:38: FutureWarning: Setting an item of incompatible dtype is deprecated and will raise in a future error of pandas. Value '[0.43369573 0.43369573 0.43369573 0.43369573 0.43369573 0.43369573
 0.43369573 0.43369573 0.43369573 0.43369573 0.43369573 0.43369573
 0.43369573 0.43369573 0.43369573]' has dtype incompatible with int64, please explicitly cast to a compatible dtype first.
  out.loc[:, cols] = scaler.transform(out[cols])
/mnt/c/Users/PS/workspace/Entity-Aware-Machine-Learning-for-PAH-Soil-Adsorption/src/preprocessing.py:38: FutureWarning: Setting an item of incompatible dtype is deprecated and will raise in a future error of pandas. Value '[0.12016454 0.12016454 0.12016454 ... 0.12016454 0.12016454 0.12016454]' has dtype incompatible with int64, please explicitly cast to a compatible dtype first.
  out.loc[:, cols] = scaler.transform(out[cols])
/mnt/c/Users/PS/workspace/Entity-Aware-Machine-Learning-for-PAH-Soil-Adsorption/src/preprocessing.py:38: FutureWarning: Setting an item of incompatible dtype is deprecated and will raise in a future error of pandas. Value '[0.12016454 0.12016454 0.12016454 0.12016454 0.12016454 0.12016454
 0.12016454]' has dtype incompatible with int64, please explicitly cast to a compatible dtype first.
  out.loc[:, cols] = scaler.transform(out[cols])
/mnt/c/Users/PS/workspace/Entity-Aware-Machine-Learning-for-PAH-Soil-Adsorption/src/preprocessing.py:38: FutureWarning: Setting an item of incompatible dtype is deprecated and will raise in a future error of pandas. Value '[0.12007762 0.12007762 0.12007762 ... 0.12007762 0.12007762 0.12007762]' has dtype incompatible with int64, please explicitly cast to a compatible dtype first.
  out.loc[:, cols] = scaler.transform(out[cols])
/mnt/c/Users/PS/workspace/Entity-Aware-Machine-Learning-for-PAH-Soil-Adsorption/src/preprocessing.py:38: FutureWarning: Setting an item of incompatible dtype is deprecated and will raise in a future error of pandas. Value '[0.12007762 0.12007762 0.12007762 0.12007762 0.12007762]' has dtype incompatible with int64, please explicitly cast to a compatible dtype first.
  out.loc[:, cols] = scaler.transform(out[cols])
/mnt/c/Users/PS/workspace/Entity-Aware-Machine-Learning-for-PAH-Soil-Adsorption/src/preprocessing.py:38: FutureWarning: Setting an item of incompatible dtype is deprecated and will raise in a future error of pandas. Value '[0.11887748 0.11887748 0.11887748 ... 0.11887748 0.11887748 0.11887748]' has dtype incompatible with int64, please explicitly cast to a compatible dtype first.
  out.loc[:, cols] = scaler.transform(out[cols])
/mnt/c/Users/PS/workspace/Entity-Aware-Machine-Learning-for-PAH-Soil-Adsorption/src/preprocessing.py:38: FutureWarning: Setting an item of incompatible dtype is deprecated and will raise in a future error of pandas. Value '[-0.65852594 -0.65852594]' has dtype incompatible with int64, please explicitly cast to a compatible dtype first.
  out.loc[:, cols] = scaler.transform(out[cols])
/mnt/c/Users/PS/workspace/Entity-Aware-Machine-Learning-for-PAH-Soil-Adsorption/src/preprocessing.py:38: FutureWarning: Setting an item of incompatible dtype is deprecated and will raise in a future error of pandas. Value '[0.12007762 0.12007762 0.12007762 ... 0.12007762 0.12007762 0.12007762]' has dtype incompatible with int64, please explicitly cast to a compatible dtype first.
  out.loc[:, cols] = scaler.transform(out[cols])
/mnt/c/Users/PS/workspace/Entity-Aware-Machine-Learning-for-PAH-Soil-Adsorption/src/preprocessing.py:38: FutureWarning: Setting an item of incompatible dtype is deprecated and will raise in a future error of pandas. Value '[0.12007762 0.12007762 0.12007762 0.12007762 0.12007762]' has dtype incompatible with int64, please explicitly cast to a compatible dtype first.
  out.loc[:, cols] = scaler.transform(out[cols])
/mnt/c/Users/PS/workspace/Entity-Aware-Machine-Learning-for-PAH-Soil-Adsorption/src/preprocessing.py:38: FutureWarning: Setting an item of incompatible dtype is deprecated and will raise in a future error of pandas. Value '[0.12016454 0.12016454 0.12016454 ... 0.12016454 0.12016454 0.12016454]' has dtype incompatible with int64, please explicitly cast to a compatible dtype first.
  out.loc[:, cols] = scaler.transform(out[cols])
/mnt/c/Users/PS/workspace/Entity-Aware-Machine-Learning-for-PAH-Soil-Adsorption/src/preprocessing.py:38: FutureWarning: Setting an item of incompatible dtype is deprecated and will raise in a future error of pandas. Value '[0.12016454 0.12016454 0.12016454 0.12016454 0.12016454 0.12016454
 0.12016454]' has dtype incompatible with int64, please explicitly cast to a compatible dtype first.
  out.loc[:, cols] = scaler.transform(out[cols])
